objectid,code,event_ts_utc,event_ts_et,event_date_et,event_time_et,event_ts_local,event_date_local,event_time_local,lat,lon,magnitud,prof,profundidad,intensidad,departamento,referencia,ultimo,reporte,hora,fecha_ms,fechaevento_ms,mag,ingested_at_utc,src_code,src_departamento,src_fecha,src_fechaevento,src_hora,src_int_,src_lat,src_lon,src_mag,src_magnitud,src_negprof,src_objectid,src_prof,src_profundidad,src_ref,src_reporte,src_sentido,src_ultimo
2023,2026-369,2026-06-19T20:38:10Z,2026-06-19T16:38:10-04:00,2026-06-19,16:38:10,2026-06-19T15:38:10-05:00,2026-06-19,15:38:10,-12.12,-77.17,3.2,61,Intermedio,II Callao,OCEANO,"10 km al SO de Callao, Provincia Constitucional del Callao",1,369,15:38:10,1781845200000,1781901490000,3.2,2026-06-20T19:50:43Z,2026-369,OCEANO,1781845200000,1781901490000,15:38:10,II Callao,-12.12,-77.17,3.2,3.2,-61,2023,61,Intermedio,"10 km al SO de Callao, Provincia Constitucional del Callao",369,1,1
2022,2026-368,2026-06-19T06:58:17Z,2026-06-19T02:58:17-04:00,2026-06-19,02:58:17,2026-06-19T01:58:17-05:00,2026-06-19,01:58:17,-5.6,-78.91,3.5,16,Superficial,II-III Jaén,CAJAMARCA,"16 km al NO de Jaén, Jaén - Cajamarca",0,368,01:58:17,1781845200000,1781852297000,3.5,2026-06-20T19:50:43Z,2026-368,CAJAMARCA,1781845200000,1781852297000,01:58:17,II-III Jaén,-5.6,-78.91,3.5,3.5,-16,2022,16,Superficial,"16 km al NO de Jaén, Jaén - Cajamarca",368,1,0
2021,2026-367,2026-06-18T13:49:26Z,2026-06-18T09:49:26-04:00,2026-06-18,09:49:26,2026-06-18T08:49:26-05:00,2026-06-18,08:49:26,-12.16,-73.76,3.8,14,Superficial,II-III San Pedro de Coris,HUANCAVELICA,"85 km al NE de San Pedro de Coris, Churcampa - Huancavelica",0,367,08:49:26,1781758800000,1781790566000,3.8,2026-06-20T19:50:43Z,2026-367,HUANCAVELICA,1781758800000,1781790566000,08:49:26,II-III San Pedro de Coris,-12.16,-73.76,3.8,3.8,-14,2021,14,Superficial,"85 km al NE de San Pedro de Coris, Churcampa - Huancavelica",367,1,0
2020,2026-366,2026-06-18T11:29:40Z,2026-06-18T07:29:40-04:00,2026-06-18,07:29:40,2026-06-18T06:29:40-05:00,2026-06-18,06:29:40,-11.12,-77.96,3.7,58,Superficial,II-III Huacho,OCEANO,"39 km al O de Huacho, Huaura - Lima",0,366,06:29:40,1781758800000,1781782180000,3.7,2026-06-20T19:50:43Z,2026-366,OCEANO,1781758800000,1781782180000,06:29:40,II-III Huacho,-11.12,-77.96,3.7,3.7,-58,2020,58,Superficial,"39 km al O de Huacho, Huaura - Lima",366,1,0
2019,2026-365,2026-06-18T05:12:45Z,2026-06-18T01:12:45-04:00,2026-06-18,01:12:45,2026-06-18T00:12:45-05:00,2026-06-18,00:12:45,-8.45,-74.32,4.8,175,Intermedio,III Pucallpa,UCAYALI,"24 km al E de Pucallpa, Coronel Portillo - Ucayali",0,365,00:12:45,1781758800000,1781759565000,4.8,2026-06-20T19:50:43Z,2026-365,UCAYALI,1781758800000,1781759565000,00:12:45,III Pucallpa,-8.45,-74.32,4.8,4.8,-175,2019,175,Intermedio,"24 km al E de Pucallpa, Coronel Portillo - Ucayali",365,1,0
2018,2026-364,2026-06-18T04:33:33Z,2026-06-18T00:33:33-04:00,2026-06-18,00:33:33,2026-06-17T23:33:33-05:00,2026-06-17,23:33:33,-5.82,-77.3,3.8,30,Superficial,II-III Nueva Cajamarca,SAN MARTÍN,"13 km al N de Nueva Cajamarca, Rioja - San Martín",0,364,23:33:33,1781672400000,1781757213000,3.8,2026-06-20T19:50:43Z,2026-364,SAN MARTÍN,1781672400000,1781757213000,23:33:33,II-III Nueva Cajamarca,-5.82,-77.3,3.8,3.8,-30,2018,30,Superficial,"13 km al N de Nueva Cajamarca, Rioja - San Martín",364,1,0
2017,2026-363,2026-06-17T16:37:29Z,2026-06-17T12:37:29-04:00,2026-06-17,12:37:29,2026-06-17T11:37:29-05:00,2026-06-17,11:37:29,-16.0,-71.55,4.0,145,Intermedio,,AREQUIPA,"31 km al NE de Yura, Arequipa - Arequipa",0,363,11:37:29,1781672400000,1781714249000,4.0,2026-06-20T19:50:43Z,2026-363,AREQUIPA,1781672400000,1781714249000,11:37:29,,-16.0,-71.55,4.0,4.0,-145,2017,145,Intermedio,"31 km al NE de Yura, Arequipa - Arequipa",363,0,0
2016,2026-362,2026-06-17T16:13:10Z,2026-06-17T12:13:10-04:00,2026-06-17,12:13:10,2026-06-17T11:13:10-05:00,2026-06-17,11:13:10,-17.5,-70.53,3.5,16,Superficial,II-III Ilabaya,TACNA,"9 km al S de Ilabaya, Jorge Basadre - Tacna",0,362,11:13:10,1781672400000,1781712790000,3.5,2026-06-20T19:50:43Z,2026-362,TACNA,1781672400000,1781712790000,11:13:10,II-III Ilabaya,-17.5,-70.53,3.5,3.5,-16,2016,16,Superficial,"9 km al S de Ilabaya, Jorge Basadre - Tacna",362,1,0
2015,2026-361,2026-06-17T14:08:53Z,2026-06-17T10:08:53-04:00,2026-06-17,10:08:53,2026-06-17T09:08:53-05:00,2026-06-17,09:08:53,-12.15,-77.12,3.6,54,Superficial,III Callao,OCEANO,"11 km al S de Callao, Provincia Constitucional del Callao",0,361,09:08:53,1781672400000,1781705333000,3.6,2026-06-20T19:50:43Z,2026-361,OCEANO,1781672400000,1781705333000,09:08:53,III Callao,-12.15,-77.12,3.6,3.6,-54,2015,54,Superficial,"11 km al S de Callao, Provincia Constitucional del Callao",361,1,0
2014,2026-360,2026-06-17T08:37:31Z,2026-06-17T04:37:31-04:00,2026-06-17,04:37:31,2026-06-17T03:37:31-05:00,2026-06-17,03:37:31,-16.61,-72.41,3.8,68,Intermedio,II-III Quilca,AREQUIPA,"12 km al N de Quilca, Camaná - Arequipa",0,360,03:37:31,1781672400000,1781685451000,3.8,2026-06-20T19:50:43Z,2026-360,AREQUIPA,1781672400000,1781685451000,03:37:31,II-III Quilca,-16.61,-72.41,3.8,3.8,-68,2014,68,Intermedio,"12 km al N de Quilca, Camaná - Arequipa",360,1,0
2013,2026-359,2026-06-16T16:57:58Z,2026-06-16T12:57:58-04:00,2026-06-16,12:57:58,2026-06-16T11:57:58-05:00,2026-06-16,11:57:58,-16.08,-72.47,3.4,22,Superficial,II-III Aplao,AREQUIPA,"3 km al E de Aplao, Castilla - Arequipa",0,359,11:57:58,1781586000000,1781629078000,3.4,2026-06-20T19:50:43Z,2026-359,AREQUIPA,1781586000000,1781629078000,11:57:58,II-III Aplao,-16.08,-72.47,3.4,3.4,-22,2013,22,Superficial,"3 km al E de Aplao, Castilla - Arequipa",359,1,0
2012,2026-358,2026-06-16T14:24:31Z,2026-06-16T10:24:31-04:00,2026-06-16,10:24:31,2026-06-16T09:24:31-05:00,2026-06-16,09:24:31,-12.39,-77.01,3.4,38,Superficial,II-III Chilca,OCEANO,"33 km al NO de Chilca, Cañete - Lima",0,358,09:24:31,1781586000000,1781619871000,3.4,2026-06-20T19:50:43Z,2026-358,OCEANO,1781586000000,1781619871000,09:24:31,II-III Chilca,-12.39,-77.01,3.4,3.4,-38,2012,38,Superficial,"33 km al NO de Chilca, Cañete - Lima",358,1,0
2011,2026-357,2026-06-16T07:21:49Z,2026-06-16T03:21:49-04:00,2026-06-16,03:21:49,2026-06-16T02:21:49-05:00,2026-06-16,02:21:49,-10.08,-75.66,3.8,19,Superficial,III Pozuzo,PASCO,"11 km al O de Pozuzo, Oxapampa - Pasco",0,357,02:21:49,1781586000000,1781594509000,3.8,2026-06-20T19:50:43Z,2026-357,PASCO,1781586000000,1781594509000,02:21:49,III Pozuzo,-10.08,-75.66,3.8,3.8,-19,2011,19,Superficial,"11 km al O de Pozuzo, Oxapampa - Pasco",357,1,0
2010,2026-356,2026-06-16T04:49:50Z,2026-06-16T00:49:50-04:00,2026-06-16,00:49:50,2026-06-15T23:49:50-05:00,2026-06-15,23:49:50,-4.91,-79.93,4.0,89,Intermedio,,PIURA,"33 km al NE de Chulucanas, Morropón - Piura",0,356,23:49:50,1781499600000,1781585390000,4.0,2026-06-20T19:50:43Z,2026-356,PIURA,1781499600000,1781585390000,23:49:50,,-4.91,-79.93,4.0,4.0,-89,2010,89,Intermedio,"33 km al NE de Chulucanas, Morropón - Piura",356,0,0
2009,2026-355,2026-06-14T22:45:43Z,2026-06-14T18:45:43-04:00,2026-06-14,18:45:43,2026-06-14T17:45:43-05:00,2026-06-14,17:45:43,-16.36,-73.14,3.6,37,Superficial,II-III Ocoña,AREQUIPA,"9 km al NO de Ocoña, Camaná - Arequipa",0,355,17:45:43,1781413200000,1781477143000,3.6,2026-06-20T19:50:43Z,2026-355,AREQUIPA,1781413200000,1781477143000,17:45:43,II-III Ocoña,-16.36,-73.14,3.6,3.6,-37,2009,37,Superficial,"9 km al NO de Ocoña, Camaná - Arequipa",355,1,0
2008,2026-353,2026-06-13T06:35:38Z,2026-06-13T02:35:38-04:00,2026-06-13,02:35:38,2026-06-13T01:35:38-05:00,2026-06-13,01:35:38,-4.5,-80.09,5.5,68,Intermedio,IV-V Suyo,PIURA,"10 km al O de Suyo, Ayabaca - Piura",0,353,01:35:38,1781326800000,1781332538000,5.5,2026-06-20T19:50:43Z,2026-353,PIURA,1781326800000,1781332538000,01:35:38,IV-V Suyo,-4.5,-80.09,5.5,5.5,-68,2008,68,Intermedio,"10 km al O de Suyo, Ayabaca - Piura",353,1,0
2007,2026-352,2026-06-10T16:31:29Z,2026-06-10T12:31:29-04:00,2026-06-10,12:31:29,2026-06-10T11:31:29-05:00,2026-06-10,11:31:29,-12.6,-71.7,3.5,12,Superficial,II Manu,MADRE DE DIOS,"45 km al NO de Manu, Manu - Madre de Dios",0,352,11:31:29,1781067600000,1781109089000,3.5,2026-06-20T19:50:43Z,2026-352,MADRE DE DIOS,1781067600000,1781109089000,11:31:29,II Manu,-12.6,-71.7,3.5,3.5,-12,2007,12,Superficial,"45 km al NO de Manu, Manu - Madre de Dios",352,1,0
2006,2026-351,2026-06-10T13:39:00Z,2026-06-10T09:39:00-04:00,2026-06-10,09:39:00,2026-06-10T08:39:00-05:00,2026-06-10,08:39:00,-3.32,-80.7,3.8,44,Superficial,II Tumbes,OCEANO,"39 km al NO de Tumbes, Tumbes - Tumbes",0,351,08:39:00,1781067600000,1781098740000,3.8,2026-06-20T19:50:43Z,2026-351,OCEANO,1781067600000,1781098740000,08:39:00,II Tumbes,-3.32,-80.7,3.8,3.8,-44,2006,44,Superficial,"39 km al NO de Tumbes, Tumbes - Tumbes",351,1,0
2005,2026-350,2026-06-10T13:02:35Z,2026-06-10T09:02:35-04:00,2026-06-10,09:02:35,2026-06-10T08:02:35-05:00,2026-06-10,08:02:35,-7.59,-75.99,4.0,131,Intermedio,,SAN MARTÍN,"65 km al SE de Cuzco, Bellavista - San Martín",0,350,08:02:35,1781067600000,1781096555000,4.0,2026-06-20T19:50:43Z,2026-350,SAN MARTÍN,1781067600000,1781096555000,08:02:35,,-7.59,-75.99,4.0,4.0,-131,2005,131,Intermedio,"65 km al SE de Cuzco, Bellavista - San Martín",350,0,0
2004,2026-349,2026-06-10T11:25:21Z,2026-06-10T07:25:21-04:00,2026-06-10,07:25:21,2026-06-10T06:25:21-05:00,2026-06-10,06:25:21,-16.25,-72.91,3.5,44,Superficial,II Ocoña,AREQUIPA,"29 km al NE de Ocoña, Camaná - Arequipa",0,349,06:25:21,1781067600000,1781090721000,3.5,2026-06-20T19:50:43Z,2026-349,AREQUIPA,1781067600000,1781090721000,06:25:21,II Ocoña,-16.25,-72.91,3.5,3.5,-44,2004,44,Superficial,"29 km al NE de Ocoña, Camaná - Arequipa",349,1,0
2003,2026-348,2026-06-10T05:32:18Z,2026-06-10T01:32:18-04:00,2026-06-10,01:32:18,2026-06-10T00:32:18-05:00,2026-06-10,00:32:18,-9.97,-75.81,3.5,10,Superficial,II-III Panao,HUÁNUCO,"22 km al E de Panao, Pachitea - Huánuco",0,348,00:32:18,1781067600000,1781069538000,3.5,2026-06-20T19:50:43Z,2026-348,HUÁNUCO,1781067600000,1781069538000,00:32:18,II-III Panao,-9.97,-75.81,3.5,3.5,-10,2003,10,Superficial,"22 km al E de Panao, Pachitea - Huánuco",348,1,0
2002,2026-347,2026-06-09T18:17:22Z,2026-06-09T14:17:22-04:00,2026-06-09,14:17:22,2026-06-09T13:17:22-05:00,2026-06-09,13:17:22,-5.91,-75.15,4.5,48,Superficial,III Lagunas,LORETO,"96 km al SE de Lagunas, Alto Amazonas - Loreto",0,347,13:17:22,1780981200000,1781029042000,4.5,2026-06-20T19:50:43Z,2026-347,LORETO,1780981200000,1781029042000,13:17:22,III Lagunas,-5.91,-75.15,4.5,4.5,-48,2002,48,Superficial,"96 km al SE de Lagunas, Alto Amazonas - Loreto",347,1,0
2001,2026-346,2026-06-09T16:45:12Z,2026-06-09T12:45:12-04:00,2026-06-09,12:45:12,2026-06-09T11:45:12-05:00,2026-06-09,11:45:12,-17.06,-71.2,3.6,35,Superficial,II-III Moquegua,MOQUEGUA,"32 km al NO de Moquegua, Mariscal Nieto - Moquegua",0,346,11:45:12,1780981200000,1781023512000,3.6,2026-06-20T19:50:43Z,2026-346,MOQUEGUA,1780981200000,1781023512000,11:45:12,II-III Moquegua,-17.06,-71.2,3.6,3.6,-35,2001,35,Superficial,"32 km al NO de Moquegua, Mariscal Nieto - Moquegua",346,1,0
2000,2026-345,2026-06-08T09:57:00Z,2026-06-08T05:57:00-04:00,2026-06-08,05:57:00,2026-06-08T04:57:00-05:00,2026-06-08,04:57:00,-13.96,-72.04,3.4,27,Superficial,II Capacmarca,CUSCO,"7 km al NO de Capacmarca, Chumbivilcas - Cusco",0,345,04:57:00,1780894800000,1780912620000,3.4,2026-06-20T19:50:43Z,2026-345,CUSCO,1780894800000,1780912620000,04:57:00,II Capacmarca,-13.96,-72.04,3.4,3.4,-27,2000,27,Superficial,"7 km al NO de Capacmarca, Chumbivilcas - Cusco",345,1,0
1999,2026-344,2026-06-07T22:22:39Z,2026-06-07T18:22:39-04:00,2026-06-07,18:22:39,2026-06-07T17:22:39-05:00,2026-06-07,17:22:39,-5.0,-80.69,3.5,29,Superficial,II-III Sullana,PIURA,"10 km al S de Sullana, Sullana - Piura",0,344,17:22:39,1780808400000,1780870959000,3.5,2026-06-20T19:50:43Z,2026-344,PIURA,1780808400000,1780870959000,17:22:39,II-III Sullana,-5.0,-80.69,3.5,3.5,-29,1999,29,Superficial,"10 km al S de Sullana, Sullana - Piura",344,1,0
1998,2026-343,2026-06-07T15:43:17Z,2026-06-07T11:43:17-04:00,2026-06-07,11:43:17,2026-06-07T10:43:17-05:00,2026-06-07,10:43:17,-14.66,-76.27,5.0,17,Superficial,III-IV Ica,OCEANO,"88 km al SO de Ica, Ica - Ica",0,343,10:43:17,1780808400000,1780846997000,5.0,2026-06-20T19:50:43Z,2026-343,OCEANO,1780808400000,1780846997000,10:43:17,III-IV Ica,-14.66,-76.27,5.0,5.0,-17,1998,17,Superficial,"88 km al SO de Ica, Ica - Ica",343,1,0
1997,2026-342,2026-06-07T01:45:02Z,2026-06-06T21:45:02-04:00,2026-06-06,21:45:02,2026-06-06T20:45:02-05:00,2026-06-06,20:45:02,-16.28,-72.52,3.5,102,Intermedio,II-III Aplao,AREQUIPA,"23 km al S de Aplao, Castilla - Arequipa",0,342,20:45:02,1780722000000,1780796702000,3.5,2026-06-20T19:50:43Z,2026-342,AREQUIPA,1780722000000,1780796702000,20:45:02,II-III Aplao,-16.28,-72.52,3.5,3.5,-102,1997,102,Intermedio,"23 km al S de Aplao, Castilla - Arequipa",342,1,0
1996,2026-341,2026-06-06T20:48:49Z,2026-06-06T16:48:49-04:00,2026-06-06,16:48:49,2026-06-06T15:48:49-05:00,2026-06-06,15:48:49,-4.89,-80.77,3.6,36,Superficial,II-III Sullana,PIURA,"9 km al O de Sullana, Sullana - Piura",0,341,15:48:49,1780722000000,1780778929000,3.6,2026-06-20T19:50:43Z,2026-341,PIURA,1780722000000,1780778929000,15:48:49,II-III Sullana,-4.89,-80.77,3.6,3.6,-36,1996,36,Superficial,"9 km al O de Sullana, Sullana - Piura",341,1,0
1995,2026-340,2026-06-06T18:49:40Z,2026-06-06T14:49:40-04:00,2026-06-06,14:49:40,2026-06-06T13:49:40-05:00,2026-06-06,13:49:40,-16.06,-73.39,4.4,75,Intermedio,III Atico,AREQUIPA,"30 km al NE de Atico, Caravelí - Arequipa",0,340,13:49:40,1780722000000,1780771780000,4.4,2026-06-20T19:50:43Z,2026-340,AREQUIPA,1780722000000,1780771780000,13:49:40,III Atico,-16.06,-73.39,4.4,4.4,-75,1995,75,Intermedio,"30 km al NE de Atico, Caravelí - Arequipa",340,1,0
1994,2026-339,2026-06-06T16:30:35Z,2026-06-06T12:30:35-04:00,2026-06-06,12:30:35,2026-06-06T11:30:35-05:00,2026-06-06,11:30:35,-12.33,-77.85,4.8,55,Superficial,III Callao,OCEANO,"86 km al O de Callao, Provincia Constitucional del Callao",0,339,11:30:35,1780722000000,1780763435000,4.8,2026-06-20T19:50:43Z,2026-339,OCEANO,1780722000000,1780763435000,11:30:35,III Callao,-12.33,-77.85,4.8,4.8,-55,1994,55,Superficial,"86 km al O de Callao, Provincia Constitucional del Callao",339,1,0
1993,2026-338,2026-06-06T04:24:47Z,2026-06-06T00:24:47-04:00,2026-06-06,00:24:47,2026-06-05T23:24:47-05:00,2026-06-05,23:24:47,-15.85,-75.57,4.5,28,Superficial,III San Juan de Marcona,OCEANO,"69 km al SO de San Juan de Marcona, Nasca - Ica",0,338,23:24:47,1780635600000,1780719887000,4.5,2026-06-20T19:50:43Z,2026-338,OCEANO,1780635600000,1780719887000,23:24:47,III San Juan de Marcona,-15.85,-75.57,4.5,4.5,-28,1993,28,Superficial,"69 km al SO de San Juan de Marcona, Nasca - Ica",338,1,0
1992,2026-337,2026-06-05T19:29:24Z,2026-06-05T15:29:24-04:00,2026-06-05,15:29:24,2026-06-05T14:29:24-05:00,2026-06-05,14:29:24,-5.84,-80.89,3.6,18,Superficial,II-III Sechura,PIURA,"32 km al S de Sechura, Sechura - Piura",0,337,14:29:24,1780635600000,1780687764000,3.6,2026-06-20T19:50:43Z,2026-337,PIURA,1780635600000,1780687764000,14:29:24,II-III Sechura,-5.84,-80.89,3.6,3.6,-18,1992,18,Superficial,"32 km al S de Sechura, Sechura - Piura",337,1,0
1991,2026-336,2026-06-05T03:07:10Z,2026-06-04T23:07:10-04:00,2026-06-04,23:07:10,2026-06-04T22:07:10-05:00,2026-06-04,22:07:10,-5.55,-78.9,3.4,20,Superficial,II Jaén,CAJAMARCA,"20 km al NO de Jaén, Jaén - Cajamarca",0,336,22:07:10,1780549200000,1780628830000,3.4,2026-06-20T19:50:43Z,2026-336,CAJAMARCA,1780549200000,1780628830000,22:07:10,II Jaén,-5.55,-78.9,3.4,3.4,-20,1991,20,Superficial,"20 km al NO de Jaén, Jaén - Cajamarca",336,1,0
1990,2026-335,2026-06-04T18:35:08Z,2026-06-04T14:35:08-04:00,2026-06-04,14:35:08,2026-06-04T13:35:08-05:00,2026-06-04,13:35:08,-5.87,-76.67,3.8,16,Superficial,II-III Moyobamba,SAN MARTÍN,"38 km al NE de Moyobamba, Moyobamba - San Martín",0,335,13:35:08,1780549200000,1780598108000,3.8,2026-06-20T19:50:43Z,2026-335,SAN MARTÍN,1780549200000,1780598108000,13:35:08,II-III Moyobamba,-5.87,-76.67,3.8,3.8,-16,1990,16,Superficial,"38 km al NE de Moyobamba, Moyobamba - San Martín",335,1,0
1989,2026-334,2026-06-04T16:09:33Z,2026-06-04T12:09:33-04:00,2026-06-04,12:09:33,2026-06-04T11:09:33-05:00,2026-06-04,11:09:33,-13.33,-76.41,3.5,38,Superficial,II-III Tambo de Mora,OCEANO,"28 km al NO de Tambo de Mora, Chincha - Ica",0,334,11:09:33,1780549200000,1780589373000,3.5,2026-06-20T19:50:43Z,2026-334,OCEANO,1780549200000,1780589373000,11:09:33,II-III Tambo de Mora,-13.33,-76.41,3.5,3.5,-38,1989,38,Superficial,"28 km al NO de Tambo de Mora, Chincha - Ica",334,1,0
1988,2026-333,2026-06-04T09:00:06Z,2026-06-04T05:00:06-04:00,2026-06-04,05:00:06,2026-06-04T04:00:06-05:00,2026-06-04,04:00:06,-8.3,-79.71,4.9,41,Superficial,IV Trujillo,OCEANO,"78 km al O de Trujillo, Trujillo - La Libertad",0,333,04:00:06,1780549200000,1780563606000,4.9,2026-06-20T19:50:43Z,2026-333,OCEANO,1780549200000,1780563606000,04:00:06,IV Trujillo,-8.3,-79.71,4.9,4.9,-41,1988,41,Superficial,"78 km al O de Trujillo, Trujillo - La Libertad",333,1,0
1987,2026-332,2026-06-03T21:12:04Z,2026-06-03T17:12:04-04:00,2026-06-03,17:12:04,2026-06-03T16:12:04-05:00,2026-06-03,16:12:04,-5.18,-77.61,3.9,17,Superficial,II-III Jumbilla,AMAZONAS,"52 km al NE de Jumbilla, Bongara - Amazonas",0,332,16:12:04,1780462800000,1780521124000,3.9,2026-06-20T19:50:43Z,2026-332,AMAZONAS,1780462800000,1780521124000,16:12:04,II-III Jumbilla,-5.18,-77.61,3.9,3.9,-17,1987,17,Superficial,"52 km al NE de Jumbilla, Bongara - Amazonas",332,1,0
1986,2026-331,2026-06-03T17:21:24Z,2026-06-03T13:21:24-04:00,2026-06-03,13:21:24,2026-06-03T12:21:24-05:00,2026-06-03,12:21:24,-8.22,-74.46,5.1,170,Intermedio,II-III Pucallpa,UCAYALI,"20 km al N de Pucallpa, Coronel Portillo - Ucayali",0,331,12:21:24,1780462800000,1780507284000,5.1,2026-06-20T19:50:43Z,2026-331,UCAYALI,1780462800000,1780507284000,12:21:24,II-III Pucallpa,-8.22,-74.46,5.1,5.1,-170,1986,170,Intermedio,"20 km al N de Pucallpa, Coronel Portillo - Ucayali",331,1,0
1985,2026-330,2026-06-03T02:51:13Z,2026-06-02T22:51:13-04:00,2026-06-02,22:51:13,2026-06-02T21:51:13-05:00,2026-06-02,21:51:13,-10.09,-75.05,3.4,15,Superficial,II Puerto Bermúdez,PASCO,"26 km al NO de Puerto Bermúdez, Oxapampa - Pasco",0,330,21:51:13,1780376400000,1780455073000,3.4,2026-06-20T19:50:43Z,2026-330,PASCO,1780376400000,1780455073000,21:51:13,II Puerto Bermúdez,-10.09,-75.05,3.4,3.4,-15,1985,15,Superficial,"26 km al NO de Puerto Bermúdez, Oxapampa - Pasco",330,1,0
1984,2026-329,2026-06-02T11:54:27Z,2026-06-02T07:54:27-04:00,2026-06-02,07:54:27,2026-06-02T06:54:27-05:00,2026-06-02,06:54:27,-3.49,-80.68,4.0,46,Superficial,,OCEANO,"20 km al N de Zorritos, Contralmirante Villar - Tumbes",0,329,06:54:27,1780376400000,1780401267000,4.0,2026-06-20T19:50:43Z,2026-329,OCEANO,1780376400000,1780401267000,06:54:27,,-3.49,-80.68,4.0,4.0,-46,1984,46,Superficial,"20 km al N de Zorritos, Contralmirante Villar - Tumbes",329,0,0
1983,2026-328,2026-06-02T04:05:30Z,2026-06-02T00:05:30-04:00,2026-06-02,00:05:30,2026-06-01T23:05:30-05:00,2026-06-01,23:05:30,-4.33,-77.84,3.6,15,Superficial,II-III Santa María de Nieva,AMAZONAS,"30 km al N de Santa María de Nieva, Condorcanqui - Amazonas",0,328,23:05:30,1780290000000,1780373130000,3.6,2026-06-20T19:50:43Z,2026-328,AMAZONAS,1780290000000,1780373130000,23:05:30,II-III Santa María de Nieva,-4.33,-77.84,3.6,3.6,-15,1983,15,Superficial,"30 km al N de Santa María de Nieva, Condorcanqui - Amazonas",328,1,0
1982,2026-327,2026-06-02T03:00:51Z,2026-06-01T23:00:51-04:00,2026-06-01,23:00:51,2026-06-01T22:00:51-05:00,2026-06-01,22:00:51,-14.05,-71.5,3.5,29,Superficial,III Combapata,CUSCO,"9 km al NO de Combapata, Canchis - Cusco",0,327,22:00:51,1780290000000,1780369251000,3.5,2026-06-20T19:50:43Z,2026-327,CUSCO,1780290000000,1780369251000,22:00:51,III Combapata,-14.05,-71.5,3.5,3.5,-29,1982,29,Superficial,"9 km al NO de Combapata, Canchis - Cusco",327,1,0
1981,2026-326,2026-06-01T23:53:53Z,2026-06-01T19:53:53-04:00,2026-06-01,19:53:53,2026-06-01T18:53:53-05:00,2026-06-01,18:53:53,-11.06,-75.62,4.5,121,Intermedio,III Paucartambo,PASCO,"38 km al SE de Paucartambo, Pasco - Pasco",0,326,18:53:53,1780290000000,1780358033000,4.5,2026-06-20T19:50:43Z,2026-326,PASCO,1780290000000,1780358033000,18:53:53,III Paucartambo,-11.06,-75.62,4.5,4.5,-121,1981,121,Intermedio,"38 km al SE de Paucartambo, Pasco - Pasco",326,1,0
1980,2026-325,2026-06-01T10:58:58Z,2026-06-01T06:58:58-04:00,2026-06-01,06:58:58,2026-06-01T05:58:58-05:00,2026-06-01,05:58:58,-5.85,-80.52,3.6,50,Superficial,II-III Sechura,PIURA,"47 km al SE de Sechura, Sechura - Piura",0,325,05:58:58,1780290000000,1780311538000,3.6,2026-06-20T19:50:43Z,2026-325,PIURA,1780290000000,1780311538000,05:58:58,II-III Sechura,-5.85,-80.52,3.6,3.6,-50,1980,50,Superficial,"47 km al SE de Sechura, Sechura - Piura",325,1,0
1979,2026-324,2026-05-31T15:07:40Z,2026-05-31T11:07:40-04:00,2026-05-31,11:07:40,2026-05-31T10:07:40-05:00,2026-05-31,10:07:40,-14.66,-75.52,3.6,52,Superficial,II-III Palpa,ICA,"39 km al O de Palpa, Palpa - Ica",0,324,10:07:40,1780203600000,1780240060000,3.6,2026-06-20T19:50:43Z,2026-324,ICA,1780203600000,1780240060000,10:07:40,II-III Palpa,-14.66,-75.52,3.6,3.6,-52,1979,52,Superficial,"39 km al O de Palpa, Palpa - Ica",324,1,0
1978,2026-323,2026-05-30T04:09:11Z,2026-05-30T00:09:11-04:00,2026-05-30,00:09:11,2026-05-29T23:09:11-05:00,2026-05-29,23:09:11,-18.02,-71.78,3.9,34,Superficial,II Ilo,OCEANO,"63 km al SO de Ilo, Ilo - Moquegua",0,323,23:09:11,1780030800000,1780114151000,3.9,2026-06-20T19:50:43Z,2026-323,OCEANO,1780030800000,1780114151000,23:09:11,II Ilo,-18.02,-71.78,3.9,3.9,-34,1978,34,Superficial,"63 km al SO de Ilo, Ilo - Moquegua",323,1,0
1977,2026-322,2026-05-29T12:25:52Z,2026-05-29T08:25:52-04:00,2026-05-29,08:25:52,2026-05-29T07:25:52-05:00,2026-05-29,07:25:52,-13.79,-72.54,4.5,90,Intermedio,II-III Lambrama,APURÍMAC,"26 km al E de Lambrama, Abancay - Apurímac",0,322,07:25:52,1780030800000,1780057552000,4.5,2026-06-20T19:50:43Z,2026-322,APURÍMAC,1780030800000,1780057552000,07:25:52,II-III Lambrama,-13.79,-72.54,4.5,4.5,-90,1977,90,Intermedio,"26 km al E de Lambrama, Abancay - Apurímac",322,1,0
1976,2026-321,2026-05-29T09:08:46Z,2026-05-29T05:08:46-04:00,2026-05-29,05:08:46,2026-05-29T04:08:46-05:00,2026-05-29,04:08:46,-8.22,-73.86,4.1,185,Intermedio,,UCAYALI,"76 km al E de Pucallpa, Coronel Portillo - Ucayali",0,321,04:08:46,1780030800000,1780045726000,4.1,2026-06-20T19:50:43Z,2026-321,UCAYALI,1780030800000,1780045726000,04:08:46,,-8.22,-73.86,4.1,4.1,-185,1976,185,Intermedio,"76 km al E de Pucallpa, Coronel Portillo - Ucayali",321,0,0
1975,2026-320,2026-05-29T05:32:42Z,2026-05-29T01:32:42-04:00,2026-05-29,01:32:42,2026-05-29T00:32:42-05:00,2026-05-29,00:32:42,-18.48,-71.28,5.0,37,Superficial,III Ilo,OCEANO,"93 km al S de Ilo, Ilo - Moquegua",0,320,00:32:42,1780030800000,1780032762000,5.0,2026-06-20T19:50:43Z,2026-320,OCEANO,1780030800000,1780032762000,00:32:42,III Ilo,-18.48,-71.28,5.0,5.0,-37,1975,37,Superficial,"93 km al S de Ilo, Ilo - Moquegua",320,1,0
1974,2026-319,2026-05-29T00:43:03Z,2026-05-28T20:43:03-04:00,2026-05-28,20:43:03,2026-05-28T19:43:03-05:00,2026-05-28,19:43:03,-12.64,-76.79,3.7,51,Superficial,III Chilca,OCEANO,"15 km al SO de Chilca, Cañete - Lima",0,319,19:43:03,1779944400000,1780015383000,3.7,2026-06-20T19:50:43Z,2026-319,OCEANO,1779944400000,1780015383000,19:43:03,III Chilca,-12.64,-76.79,3.7,3.7,-51,1974,51,Superficial,"15 km al SO de Chilca, Cañete - Lima",319,1,0
1973,2026-318,2026-05-28T07:02:15Z,2026-05-28T03:02:15-04:00,2026-05-28,03:02:15,2026-05-28T02:02:15-05:00,2026-05-28,02:02:15,-15.78,-73.08,3.9,20,Superficial,II-III Caravelí,AREQUIPA,"30 km al E de Caravelí, Caravelí - Arequipa",0,318,02:02:15,1779944400000,1779951735000,3.9,2026-06-20T19:50:43Z,2026-318,AREQUIPA,1779944400000,1779951735000,02:02:15,II-III Caravelí,-15.78,-73.08,3.9,3.9,-20,1973,20,Superficial,"30 km al E de Caravelí, Caravelí - Arequipa",318,1,0
1972,2026-317,2026-05-28T01:51:12Z,2026-05-27T21:51:12-04:00,2026-05-27,21:51:12,2026-05-27T20:51:12-05:00,2026-05-27,20:51:12,-10.44,-75.71,3.5,21,Superficial,II-III Huancabamba,PASCO,"20 km al O de Huancabamba, Oxapampa - Pasco",0,317,20:51:12,1779858000000,1779933072000,3.5,2026-06-20T19:50:43Z,2026-317,PASCO,1779858000000,1779933072000,20:51:12,II-III Huancabamba,-10.44,-75.71,3.5,3.5,-21,1972,21,Superficial,"20 km al O de Huancabamba, Oxapampa - Pasco",317,1,0
1971,2026-316,2026-05-27T11:14:05Z,2026-05-27T07:14:05-04:00,2026-05-27,07:14:05,2026-05-27T06:14:05-05:00,2026-05-27,06:14:05,-17.76,-71.14,4.1,49,Superficial,II-III Ilo,MOQUEGUA,"25 km al SE de Ilo, Ilo - Moquegua",0,316,06:14:05,1779858000000,1779880445000,4.1,2026-06-20T19:50:43Z,2026-316,MOQUEGUA,1779858000000,1779880445000,06:14:05,II-III Ilo,-17.76,-71.14,4.1,4.1,-49,1971,49,Superficial,"25 km al SE de Ilo, Ilo - Moquegua",316,1,0
1970,2026-315,2026-05-27T02:42:00Z,2026-05-26T22:42:00-04:00,2026-05-26,22:42:00,2026-05-26T21:42:00-05:00,2026-05-26,21:42:00,-16.84,-69.78,4.0,181,Intermedio,II Conduriri,PUNO,"25 km al S de Conduriri, El Collao - Puno",0,315,21:42:00,1779771600000,1779849720000,4.0,2026-06-20T19:50:43Z,2026-315,PUNO,1779771600000,1779849720000,21:42:00,II Conduriri,-16.84,-69.78,4.0,4.0,-181,1970,181,Intermedio,"25 km al S de Conduriri, El Collao - Puno",315,1,0
1969,2026-314,2026-05-26T17:34:26Z,2026-05-26T13:34:26-04:00,2026-05-26,13:34:26,2026-05-26T12:34:26-05:00,2026-05-26,12:34:26,-16.25,-74.17,3.6,30,Superficial,II-III Chala,OCEANO,"44 km al S de Chala, Caravelí - Arequipa",0,314,12:34:26,1779771600000,1779816866000,3.6,2026-06-20T19:50:43Z,2026-314,OCEANO,1779771600000,1779816866000,12:34:26,II-III Chala,-16.25,-74.17,3.6,3.6,-30,1969,30,Superficial,"44 km al S de Chala, Caravelí - Arequipa",314,1,0
1968,2026-313,2026-05-26T14:47:48Z,2026-05-26T10:47:48-04:00,2026-05-26,10:47:48,2026-05-26T09:47:48-05:00,2026-05-26,09:47:48,-16.42,-73.7,3.7,15,Superficial,II-III Atico,OCEANO,"25 km al S de Atico, Caravelí - Arequipa",0,313,09:47:48,1779771600000,1779806868000,3.7,2026-06-20T19:50:43Z,2026-313,OCEANO,1779771600000,1779806868000,09:47:48,II-III Atico,-16.42,-73.7,3.7,3.7,-15,1968,15,Superficial,"25 km al S de Atico, Caravelí - Arequipa",313,1,0
1967,2026-312,2026-05-25T21:52:44Z,2026-05-25T17:52:44-04:00,2026-05-25,17:52:44,2026-05-25T16:52:44-05:00,2026-05-25,16:52:44,-20.17,-70.1,6.5,129,Intermedio,III Tacna,TACNA,"240 km al S de Tacna, Tacna - Tacna",0,312,16:52:44,1779685200000,1779745964000,6.5,2026-06-20T19:50:43Z,2026-312,TACNA,1779685200000,1779745964000,16:52:44,III Tacna,-20.17,-70.1,6.5,6.5,-129,1967,129,Intermedio,"240 km al S de Tacna, Tacna - Tacna",312,1,0
1966,2026-311,2026-05-25T16:31:07Z,2026-05-25T12:31:07-04:00,2026-05-25,12:31:07,2026-05-25T11:31:07-05:00,2026-05-25,11:31:07,-17.37,-72.69,4.0,33,Superficial,,OCEANO,"78 km al S de Quilca, Camaná - Arequipa",0,311,11:31:07,1779685200000,1779726667000,4.0,2026-06-20T19:50:43Z,2026-311,OCEANO,1779685200000,1779726667000,11:31:07,,-17.37,-72.69,4.0,4.0,-33,1966,33,Superficial,"78 km al S de Quilca, Camaná - Arequipa",311,0,0
1965,2026-310,2026-05-25T06:51:47Z,2026-05-25T02:51:47-04:00,2026-05-25,02:51:47,2026-05-25T01:51:47-05:00,2026-05-25,01:51:47,-13.11,-76.53,3.6,59,Superficial,II-III San Vicente de Cañete,OCEANO,"16 km al O de San Vicente de Cañete, Cañete - Lima",0,310,01:51:47,1779685200000,1779691907000,3.6,2026-06-20T19:50:43Z,2026-310,OCEANO,1779685200000,1779691907000,01:51:47,II-III San Vicente de Cañete,-13.11,-76.53,3.6,3.6,-59,1965,59,Superficial,"16 km al O de San Vicente de Cañete, Cañete - Lima",310,1,0
1964,2026-309,2026-05-24T06:02:42Z,2026-05-24T02:02:42-04:00,2026-05-24,02:02:42,2026-05-24T01:02:42-05:00,2026-05-24,01:02:42,-14.24,-75.75,3.5,62,Intermedio,II-III Ica,ICA,"19 km al S de Ica, Ica - Ica",0,309,01:02:42,1779598800000,1779602562000,3.5,2026-06-20T19:50:43Z,2026-309,ICA,1779598800000,1779602562000,01:02:42,II-III Ica,-14.24,-75.75,3.5,3.5,-62,1964,62,Intermedio,"19 km al S de Ica, Ica - Ica",309,1,0
1963,2026-308,2026-05-24T04:57:51Z,2026-05-24T00:57:51-04:00,2026-05-24,00:57:51,2026-05-23T23:57:51-05:00,2026-05-23,23:57:51,-3.0,-80.14,4.1,51,Superficial,II-III Zarumilla,OCEANO,"57 km al N de Zarumilla, Zarumilla - Tumbes",0,308,23:57:51,1779512400000,1779598671000,4.1,2026-06-20T19:50:43Z,2026-308,OCEANO,1779512400000,1779598671000,23:57:51,II-III Zarumilla,-3.0,-80.14,4.1,4.1,-51,1963,51,Superficial,"57 km al N de Zarumilla, Zarumilla - Tumbes",308,1,0
1962,2026-307,2026-05-24T02:57:55Z,2026-05-23T22:57:55-04:00,2026-05-23,22:57:55,2026-05-23T21:57:55-05:00,2026-05-23,21:57:55,-15.1,-71.19,3.5,15,Superficial,II-III Ocuviri,PUNO,"30 km al O de Ocuviri, Lampa - Puno",0,307,21:57:55,1779512400000,1779591475000,3.5,2026-06-20T19:50:43Z,2026-307,PUNO,1779512400000,1779591475000,21:57:55,II-III Ocuviri,-15.1,-71.19,3.5,3.5,-15,1962,15,Superficial,"30 km al O de Ocuviri, Lampa - Puno",307,1,0
1961,2026-306,2026-05-23T21:20:49Z,2026-05-23T17:20:49-04:00,2026-05-23,17:20:49,2026-05-23T16:20:49-05:00,2026-05-23,16:20:49,-7.91,-75.84,3.6,16,Superficial,II Tocache,SAN MARTÍN,"81 km al E de Tocache, Tocache - San Martín",0,306,16:20:49,1779512400000,1779571249000,3.6,2026-06-20T19:50:43Z,2026-306,SAN MARTÍN,1779512400000,1779571249000,16:20:49,II Tocache,-7.91,-75.84,3.6,3.6,-16,1961,16,Superficial,"81 km al E de Tocache, Tocache - San Martín",306,1,0
1960,2026-305,2026-05-23T12:13:30Z,2026-05-23T08:13:30-04:00,2026-05-23,08:13:30,2026-05-23T07:13:30-05:00,2026-05-23,07:13:30,-15.76,-73.56,3.5,15,Superficial,II-III Caravelí,AREQUIPA,"21 km al O de Caravelí, Caravelí - Arequipa",0,305,07:13:30,1779512400000,1779538410000,3.5,2026-06-20T19:50:43Z,2026-305,AREQUIPA,1779512400000,1779538410000,07:13:30,II-III Caravelí,-15.76,-73.56,3.5,3.5,-15,1960,15,Superficial,"21 km al O de Caravelí, Caravelí - Arequipa",305,1,0
1959,2026-304,2026-05-23T12:03:16Z,2026-05-23T08:03:16-04:00,2026-05-23,08:03:16,2026-05-23T07:03:16-05:00,2026-05-23,07:03:16,-9.38,-75.94,3.7,15,Superficial,III Tingo María,HUÁNUCO,"12 km al SE de Tingo María, Leoncio Prado - Huánuco",0,304,07:03:16,1779512400000,1779537796000,3.7,2026-06-20T19:50:43Z,2026-304,HUÁNUCO,1779512400000,1779537796000,07:03:16,III Tingo María,-9.38,-75.94,3.7,3.7,-15,1959,15,Superficial,"12 km al SE de Tingo María, Leoncio Prado - Huánuco",304,1,0
1958,2026-303,2026-05-23T08:44:49Z,2026-05-23T04:44:49-04:00,2026-05-23,04:44:49,2026-05-23T03:44:49-05:00,2026-05-23,03:44:49,-2.71,-77.46,5.0,39,Superficial,,LORETO,"142 km al NO de Andoas, Datem del Marañón - Loreto",0,303,03:44:49,1779512400000,1779525889000,5.0,2026-06-20T19:50:43Z,2026-303,LORETO,1779512400000,1779525889000,03:44:49,,-2.71,-77.46,5.0,5.0,-39,1958,39,Superficial,"142 km al NO de Andoas, Datem del Marañón - Loreto",303,0,0
1957,2026-302,2026-05-23T07:59:00Z,2026-05-23T03:59:00-04:00,2026-05-23,03:59:00,2026-05-23T02:59:00-05:00,2026-05-23,02:59:00,-13.99,-75.97,3.7,77,Intermedio,II-III Ica,ICA,"28 km al O de Ica, Ica - Ica",0,302,02:59:00,1779512400000,1779523140000,3.7,2026-06-20T19:50:43Z,2026-302,ICA,1779512400000,1779523140000,02:59:00,II-III Ica,-13.99,-75.97,3.7,3.7,-77,1957,77,Intermedio,"28 km al O de Ica, Ica - Ica",302,1,0
1956,2026-301,2026-05-23T07:31:18Z,2026-05-23T03:31:18-04:00,2026-05-23,03:31:18,2026-05-23T02:31:18-05:00,2026-05-23,02:31:18,-9.72,-74.85,4.0,20,Superficial,III Puerto Inca,HUÁNUCO,"40 km al S de Puerto Inca, Puerto Inca - Huánuco",0,301,02:31:18,1779512400000,1779521478000,4.0,2026-06-20T19:50:43Z,2026-301,HUÁNUCO,1779512400000,1779521478000,02:31:18,III Puerto Inca,-9.72,-74.85,4.0,4.0,-20,1956,20,Superficial,"40 km al S de Puerto Inca, Puerto Inca - Huánuco",301,1,0
1955,2026-300,2026-05-23T06:42:09Z,2026-05-23T02:42:09-04:00,2026-05-23,02:42:09,2026-05-23T01:42:09-05:00,2026-05-23,01:42:09,-16.26,-73.59,3.8,37,Superficial,II-III Atico,OCEANO,"7 km al SE de Atico, Caravelí - Arequipa",0,300,01:42:09,1779512400000,1779518529000,3.8,2026-06-20T19:50:43Z,2026-300,OCEANO,1779512400000,1779518529000,01:42:09,II-III Atico,-16.26,-73.59,3.8,3.8,-37,1955,37,Superficial,"7 km al SE de Atico, Caravelí - Arequipa",300,1,0
1954,2026-299,2026-05-23T03:09:45Z,2026-05-22T23:09:45-04:00,2026-05-22,23:09:45,2026-05-22T22:09:45-05:00,2026-05-22,22:09:45,-8.44,-79.58,4.0,40,Superficial,,OCEANO,"71 km al O de Salaverry, Trujillo - La Libertad",0,299,22:09:45,1779426000000,1779505785000,4.0,2026-06-20T19:50:43Z,2026-299,OCEANO,1779426000000,1779505785000,22:09:45,,-8.44,-79.58,4.0,4.0,-40,1954,40,Superficial,"71 km al O de Salaverry, Trujillo - La Libertad",299,0,0
1953,2026-298,2026-05-23T02:07:11Z,2026-05-22T22:07:11-04:00,2026-05-22,22:07:11,2026-05-22T21:07:11-05:00,2026-05-22,21:07:11,-15.94,-74.32,3.6,25,Superficial,II-III Chala,OCEANO,"11 km al SO de Chala, Caravelí - Arequipa",0,298,21:07:11,1779426000000,1779502031000,3.6,2026-06-20T19:50:43Z,2026-298,OCEANO,1779426000000,1779502031000,21:07:11,II-III Chala,-15.94,-74.32,3.6,3.6,-25,1953,25,Superficial,"11 km al SO de Chala, Caravelí - Arequipa",298,1,0
1952,2026-297,2026-05-22T03:12:53Z,2026-05-21T23:12:53-04:00,2026-05-21,23:12:53,2026-05-21T22:12:53-05:00,2026-05-21,22:12:53,-11.11,-78.04,3.5,40,Superficial,II-III Huacho,OCEANO,"47 km al O de Huacho, Huaura - Lima",0,297,22:12:53,1779339600000,1779419573000,3.5,2026-06-20T19:50:43Z,2026-297,OCEANO,1779339600000,1779419573000,22:12:53,II-III Huacho,-11.11,-78.04,3.5,3.5,-40,1952,40,Superficial,"47 km al O de Huacho, Huaura - Lima",297,1,0
1951,2026-296,2026-05-21T17:55:18Z,2026-05-21T13:55:18-04:00,2026-05-21,13:55:18,2026-05-21T12:55:18-05:00,2026-05-21,12:55:18,-15.99,-73.9,3.6,43,Superficial,II-III Atico,AREQUIPA,"38 km al NO de Atico, Caravelí - Arequipa",0,296,12:55:18,1779339600000,1779386118000,3.6,2026-06-20T19:50:43Z,2026-296,AREQUIPA,1779339600000,1779386118000,12:55:18,II-III Atico,-15.99,-73.9,3.6,3.6,-43,1951,43,Superficial,"38 km al NO de Atico, Caravelí - Arequipa",296,1,0
1950,2026-295,2026-05-21T02:30:24Z,2026-05-20T22:30:24-04:00,2026-05-20,22:30:24,2026-05-20T21:30:24-05:00,2026-05-20,21:30:24,-16.57,-71.68,3.6,37,Superficial,II-III Arequipa,AREQUIPA,"25 km al SO de Arequipa, Arequipa - Arequipa",0,295,21:30:24,1779253200000,1779330624000,3.6,2026-06-20T19:50:43Z,2026-295,AREQUIPA,1779253200000,1779330624000,21:30:24,II-III Arequipa,-16.57,-71.68,3.6,3.6,-37,1950,37,Superficial,"25 km al SO de Arequipa, Arequipa - Arequipa",295,1,0
1949,2026-294,2026-05-20T19:44:47Z,2026-05-20T15:44:47-04:00,2026-05-20,15:44:47,2026-05-20T14:44:47-05:00,2026-05-20,14:44:47,-8.79,-76.06,4.2,133,Intermedio,II-III Aucayacu,HUÁNUCO,"17 km al N de Aucayacu, Leoncio Prado - Huánuco",0,294,14:44:47,1779253200000,1779306287000,4.2,2026-06-20T19:50:43Z,2026-294,HUÁNUCO,1779253200000,1779306287000,14:44:47,II-III Aucayacu,-8.79,-76.06,4.2,4.2,-133,1949,133,Intermedio,"17 km al N de Aucayacu, Leoncio Prado - Huánuco",294,1,0
1948,2026-293,2026-05-20T12:14:12Z,2026-05-20T08:14:12-04:00,2026-05-20,08:14:12,2026-05-20T07:14:12-05:00,2026-05-20,07:14:12,-14.24,-75.74,3.6,60,Superficial,II Ica,ICA,"19 km al S de Ica, Ica - Ica",0,293,07:14:12,1779253200000,1779279252000,3.6,2026-06-20T19:50:43Z,2026-293,ICA,1779253200000,1779279252000,07:14:12,II Ica,-14.24,-75.74,3.6,3.6,-60,1948,60,Superficial,"19 km al S de Ica, Ica - Ica",293,1,0
1947,2026-292,2026-05-20T00:28:54Z,2026-05-19T20:28:54-04:00,2026-05-19,20:28:54,2026-05-19T19:28:54-05:00,2026-05-19,19:28:54,-9.73,-74.57,3.9,29,Superficial,II-III Puerto Inca,HUÁNUCO,"59 km al SE de Puerto Inca, Puerto Inca - Huánuco",0,292,19:28:54,1779166800000,1779236934000,3.9,2026-06-20T19:50:43Z,2026-292,HUÁNUCO,1779166800000,1779236934000,19:28:54,II-III Puerto Inca,-9.73,-74.57,3.9,3.9,-29,1947,29,Superficial,"59 km al SE de Puerto Inca, Puerto Inca - Huánuco",292,1,0
1946,2026-291,2026-05-19T22:18:30Z,2026-05-19T18:18:30-04:00,2026-05-19,18:18:30,2026-05-19T17:18:30-05:00,2026-05-19,17:18:30,-14.32,-75.72,4.1,62,Intermedio,III Ica,ICA,"28 km al S de Ica, Ica - Ica",0,291,17:18:30,1779166800000,1779229110000,4.1,2026-06-20T19:50:43Z,2026-291,ICA,1779166800000,1779229110000,17:18:30,III Ica,-14.32,-75.72,4.1,4.1,-62,1946,62,Intermedio,"28 km al S de Ica, Ica - Ica",291,1,0
1945,2026-290,2026-05-19T17:57:51Z,2026-05-19T13:57:51-04:00,2026-05-19,13:57:51,2026-05-19T12:57:51-05:00,2026-05-19,12:57:51,-14.42,-75.83,6.1,81,Intermedio,VI Ica,ICA,"41 km al S de Ica, Ica - Ica",0,290,12:57:51,1779166800000,1779213471000,6.1,2026-06-20T19:50:43Z,2026-290,ICA,1779166800000,1779213471000,12:57:51,VI Ica,-14.42,-75.83,6.1,6.1,-81,1945,81,Intermedio,"41 km al S de Ica, Ica - Ica",290,1,0
1944,2026-289,2026-05-19T01:57:56Z,2026-05-18T21:57:56-04:00,2026-05-18,21:57:56,2026-05-18T20:57:56-05:00,2026-05-18,20:57:56,-2.97,-78.08,4.1,42,Superficial,,AMAZONAS,"182 km al N de Santa María de Nieva, Condorcanqui - Amazonas",0,289,20:57:56,1779080400000,1779155876000,4.1,2026-06-20T19:50:43Z,2026-289,AMAZONAS,1779080400000,1779155876000,20:57:56,,-2.97,-78.08,4.1,4.1,-42,1944,42,Superficial,"182 km al N de Santa María de Nieva, Condorcanqui - Amazonas",289,0,0
1943,2026-288,2026-05-17T23:57:24Z,2026-05-17T19:57:24-04:00,2026-05-17,19:57:24,2026-05-17T18:57:24-05:00,2026-05-17,18:57:24,-11.67,-76.27,3.5,18,Superficial,II-III San Mateo,LIMA,"10 km al N de San Mateo, Huarochirí - Lima",0,288,18:57:24,1778994000000,1779062244000,3.5,2026-06-20T19:50:43Z,2026-288,LIMA,1778994000000,1779062244000,18:57:24,II-III San Mateo,-11.67,-76.27,3.5,3.5,-18,1943,18,Superficial,"10 km al N de San Mateo, Huarochirí - Lima",288,1,0
1942,2026-287,2026-05-17T20:04:42Z,2026-05-17T16:04:42-04:00,2026-05-17,16:04:42,2026-05-17T15:04:42-05:00,2026-05-17,15:04:42,-5.03,-80.64,3.6,32,Superficial,III Sullana,PIURA,"15 km al S de Sullana, Sullana - Piura",0,287,15:04:42,1778994000000,1779048282000,3.6,2026-06-20T19:50:43Z,2026-287,PIURA,1778994000000,1779048282000,15:04:42,III Sullana,-5.03,-80.64,3.6,3.6,-32,1942,32,Superficial,"15 km al S de Sullana, Sullana - Piura",287,1,0
1941,2026-286,2026-05-17T09:04:44Z,2026-05-17T05:04:44-04:00,2026-05-17,05:04:44,2026-05-17T04:04:44-05:00,2026-05-17,04:04:44,-12.59,-76.81,3.5,57,Superficial,III Chilca,OCEANO,"11 km al SO de Chilca, Cañete - Lima",0,286,04:04:44,1778994000000,1779008684000,3.5,2026-06-20T19:50:43Z,2026-286,OCEANO,1778994000000,1779008684000,04:04:44,III Chilca,-12.59,-76.81,3.5,3.5,-57,1941,57,Superficial,"11 km al SO de Chilca, Cañete - Lima",286,1,0
1940,2026-285,2026-05-16T15:16:57Z,2026-05-16T11:16:57-04:00,2026-05-16,11:16:57,2026-05-16T10:16:57-05:00,2026-05-16,10:16:57,-16.55,-72.64,3.6,67,Intermedio,II-III Camaná,AREQUIPA,"11 km al NE de Camaná, Camaná - Arequipa",0,285,10:16:57,1778907600000,1778944617000,3.6,2026-06-20T19:50:43Z,2026-285,AREQUIPA,1778907600000,1778944617000,10:16:57,II-III Camaná,-16.55,-72.64,3.6,3.6,-67,1940,67,Intermedio,"11 km al NE de Camaná, Camaná - Arequipa",285,1,0
1939,2026-284,2026-05-16T07:03:39Z,2026-05-16T03:03:39-04:00,2026-05-16,03:03:39,2026-05-16T02:03:39-05:00,2026-05-16,02:03:39,-7.66,-78.03,3.4,14,Superficial,II-III Cajabamba,CAJAMARCA,"5 km al S de Cajabamba, Cajabamba - Cajamarca",0,284,02:03:39,1778907600000,1778915019000,3.4,2026-06-20T19:50:43Z,2026-284,CAJAMARCA,1778907600000,1778915019000,02:03:39,II-III Cajabamba,-7.66,-78.03,3.4,3.4,-14,1939,14,Superficial,"5 km al S de Cajabamba, Cajabamba - Cajamarca",284,1,0
1938,2026-283,2026-05-15T21:06:08Z,2026-05-15T17:06:08-04:00,2026-05-15,17:06:08,2026-05-15T16:06:08-05:00,2026-05-15,16:06:08,-18.52,-69.62,4.2,123,Intermedio,,TACNA,"87 km al SE de Tacna, Tacna - Tacna",0,283,16:06:08,1778821200000,1778879168000,4.2,2026-06-20T19:50:43Z,2026-283,TACNA,1778821200000,1778879168000,16:06:08,,-18.52,-69.62,4.2,4.2,-123,1938,123,Intermedio,"87 km al SE de Tacna, Tacna - Tacna",283,0,0
1937,2026-282,2026-05-15T15:45:17Z,2026-05-15T11:45:17-04:00,2026-05-15,11:45:17,2026-05-15T10:45:17-05:00,2026-05-15,10:45:17,-17.73,-70.2,4.6,144,Intermedio,III-IV Calana,TACNA,"24 km al N de Calana, Tacna - Tacna",0,282,10:45:17,1778821200000,1778859917000,4.6,2026-06-20T19:50:43Z,2026-282,TACNA,1778821200000,1778859917000,10:45:17,III-IV Calana,-17.73,-70.2,4.6,4.6,-144,1937,144,Intermedio,"24 km al N de Calana, Tacna - Tacna",282,1,0
1936,2026-281,2026-05-15T14:43:26Z,2026-05-15T10:43:26-04:00,2026-05-15,10:43:26,2026-05-15T09:43:26-05:00,2026-05-15,09:43:26,-6.0,-80.72,4.0,41,Superficial,,PIURA,"51 km al S de Sechura, Sechura - Piura",0,281,09:43:26,1778821200000,1778856206000,4.0,2026-06-20T19:50:43Z,2026-281,PIURA,1778821200000,1778856206000,09:43:26,,-6.0,-80.72,4.0,4.0,-41,1936,41,Superficial,"51 km al S de Sechura, Sechura - Piura",281,0,0
1935,2026-280,2026-05-15T14:19:42Z,2026-05-15T10:19:42-04:00,2026-05-15,10:19:42,2026-05-15T09:19:42-05:00,2026-05-15,09:19:42,-3.5,-80.34,4.2,70,Intermedio,II-III Zarumilla,TUMBES,"7 km al O de Zarumilla, Zarumilla - Tumbes",0,280,09:19:42,1778821200000,1778854782000,4.2,2026-06-20T19:50:43Z,2026-280,TUMBES,1778821200000,1778854782000,09:19:42,II-III Zarumilla,-3.5,-80.34,4.2,4.2,-70,1935,70,Intermedio,"7 km al O de Zarumilla, Zarumilla - Tumbes",280,1,0
1934,2026-279,2026-05-15T05:25:24Z,2026-05-15T01:25:24-04:00,2026-05-15,01:25:24,2026-05-15T00:25:24-05:00,2026-05-15,00:25:24,-14.06,-76.04,3.7,75,Intermedio,III Ica,ICA,"34 km al O de Ica, Ica - Ica",0,279,00:25:24,1778821200000,1778822724000,3.7,2026-06-20T19:50:43Z,2026-279,ICA,1778821200000,1778822724000,00:25:24,III Ica,-14.06,-76.04,3.7,3.7,-75,1934,75,Intermedio,"34 km al O de Ica, Ica - Ica",279,1,0
1933,2026-278,2026-05-14T14:19:04Z,2026-05-14T10:19:04-04:00,2026-05-14,10:19:04,2026-05-14T09:19:04-05:00,2026-05-14,09:19:04,-12.75,-76.91,3.6,42,Superficial,III Chilca,OCEANO,"32 km al SO de Chilca, Cañete - Lima",0,278,09:19:04,1778734800000,1778768344000,3.6,2026-06-20T19:50:43Z,2026-278,OCEANO,1778734800000,1778768344000,09:19:04,III Chilca,-12.75,-76.91,3.6,3.6,-42,1933,42,Superficial,"32 km al SO de Chilca, Cañete - Lima",278,1,0
1932,2026-277,2026-05-14T13:57:27Z,2026-05-14T09:57:27-04:00,2026-05-14,09:57:27,2026-05-14T08:57:27-05:00,2026-05-14,08:57:27,-10.94,-74.32,4.0,25,Superficial,III Satipo,JUNÍN,"49 km al NE de Satipo, Satipo - Junín",0,277,08:57:27,1778734800000,1778767047000,4.0,2026-06-20T19:50:43Z,2026-277,JUNÍN,1778734800000,1778767047000,08:57:27,III Satipo,-10.94,-74.32,4.0,4.0,-25,1932,25,Superficial,"49 km al NE de Satipo, Satipo - Junín",277,1,0
1931,2026-276,2026-05-14T11:08:58Z,2026-05-14T07:08:58-04:00,2026-05-14,07:08:58,2026-05-14T06:08:58-05:00,2026-05-14,06:08:58,-15.99,-74.01,4.0,52,Superficial,III Chala,AREQUIPA,"29 km al SE de Chala, Caravelí - Arequipa",0,276,06:08:58,1778734800000,1778756938000,4.0,2026-06-20T19:50:43Z,2026-276,AREQUIPA,1778734800000,1778756938000,06:08:58,III Chala,-15.99,-74.01,4.0,4.0,-52,1931,52,Superficial,"29 km al SE de Chala, Caravelí - Arequipa",276,1,0
1930,2026-275,2026-05-14T10:41:53Z,2026-05-14T06:41:53-04:00,2026-05-14,06:41:53,2026-05-14T05:41:53-05:00,2026-05-14,05:41:53,-12.7,-76.94,3.6,39,Superficial,II-III Chilca,OCEANO,"30 km al SO de Chilca, Cañete - Lima",0,275,05:41:53,1778734800000,1778755313000,3.6,2026-06-20T19:50:43Z,2026-275,OCEANO,1778734800000,1778755313000,05:41:53,II-III Chilca,-12.7,-76.94,3.6,3.6,-39,1930,39,Superficial,"30 km al SO de Chilca, Cañete - Lima",275,1,0
1929,2026-274,2026-05-14T02:36:35Z,2026-05-13T22:36:35-04:00,2026-05-13,22:36:35,2026-05-13T21:36:35-05:00,2026-05-13,21:36:35,-14.67,-76.09,3.6,30,Superficial,II-III Ica,OCEANO,"77 km al SO de Ica, Ica - Ica",0,274,21:36:35,1778648400000,1778726195000,3.6,2026-06-20T19:50:43Z,2026-274,OCEANO,1778648400000,1778726195000,21:36:35,II-III Ica,-14.67,-76.09,3.6,3.6,-30,1929,30,Superficial,"77 km al SO de Ica, Ica - Ica",274,1,0
1928,2026-273,2026-05-13T19:49:56Z,2026-05-13T15:49:56-04:00,2026-05-13,15:49:56,2026-05-13T14:49:56-05:00,2026-05-13,14:49:56,-15.17,-75.82,4.0,36,Superficial,,OCEANO,"73 km al O de San Juan de Marcona, Nasca - Ica",0,273,14:49:56,1778648400000,1778701796000,4.0,2026-06-20T19:50:43Z,2026-273,OCEANO,1778648400000,1778701796000,14:49:56,,-15.17,-75.82,4.0,4.0,-36,1928,36,Superficial,"73 km al O de San Juan de Marcona, Nasca - Ica",273,0,0
1927,2026-272,2026-05-13T14:10:28Z,2026-05-13T10:10:28-04:00,2026-05-13,10:10:28,2026-05-13T09:10:28-05:00,2026-05-13,09:10:28,-4.79,-79.92,4.0,92,Intermedio,,PIURA,"28 km al SO de Ayabaca, Ayabaca - Piura",0,272,09:10:28,1778648400000,1778681428000,4.0,2026-06-20T19:50:43Z,2026-272,PIURA,1778648400000,1778681428000,09:10:28,,-4.79,-79.92,4.0,4.0,-92,1927,92,Intermedio,"28 km al SO de Ayabaca, Ayabaca - Piura",272,0,0
1926,2026-271,2026-05-12T22:47:42Z,2026-05-12T18:47:42-04:00,2026-05-12,18:47:42,2026-05-12T17:47:42-05:00,2026-05-12,17:47:42,-11.07,-74.35,4.3,17,Superficial,III Satipo,JUNÍN,"37 km al NE de Satipo, Satipo - Junín",0,271,17:47:42,1778562000000,1778626062000,4.3,2026-06-20T19:50:43Z,2026-271,JUNÍN,1778562000000,1778626062000,17:47:42,III Satipo,-11.07,-74.35,4.3,4.3,-17,1926,17,Superficial,"37 km al NE de Satipo, Satipo - Junín",271,1,0
1925,2026-270,2026-05-12T19:42:15Z,2026-05-12T15:42:15-04:00,2026-05-12,15:42:15,2026-05-12T14:42:15-05:00,2026-05-12,14:42:15,-15.96,-74.51,3.7,22,Superficial,II-III Chala,OCEANO,"30 km al O de Chala, Caravelí - Arequipa",0,270,14:42:15,1778562000000,1778614935000,3.7,2026-06-20T19:50:43Z,2026-270,OCEANO,1778562000000,1778614935000,14:42:15,II-III Chala,-15.96,-74.51,3.7,3.7,-22,1925,22,Superficial,"30 km al O de Chala, Caravelí - Arequipa",270,1,0
1924,2026-269,2026-05-12T18:32:39Z,2026-05-12T14:32:39-04:00,2026-05-12,14:32:39,2026-05-12T13:32:39-05:00,2026-05-12,13:32:39,-17.0,-69.73,4.2,185,Intermedio,,PUNO,"20 km al N de Capaso, El Collao - Puno",0,269,13:32:39,1778562000000,1778610759000,4.2,2026-06-20T19:50:43Z,2026-269,PUNO,1778562000000,1778610759000,13:32:39,,-17.0,-69.73,4.2,4.2,-185,1924,185,Intermedio,"20 km al N de Capaso, El Collao - Puno",269,0,0
1923,2026-268,2026-05-12T17:23:40Z,2026-05-12T13:23:40-04:00,2026-05-12,13:23:40,2026-05-12T12:23:40-05:00,2026-05-12,12:23:40,-12.4,-75.26,3.4,15,Superficial,II-III Huasicancha,JUNÍN,"8 km al S de Huasicancha, Huancayo - Junín",0,268,12:23:40,1778562000000,1778606620000,3.4,2026-06-20T19:50:43Z,2026-268,JUNÍN,1778562000000,1778606620000,12:23:40,II-III Huasicancha,-12.4,-75.26,3.4,3.4,-15,1923,15,Superficial,"8 km al S de Huasicancha, Huancayo - Junín",268,1,0
1922,2026-267,2026-05-12T06:03:09Z,2026-05-12T02:03:09-04:00,2026-05-12,02:03:09,2026-05-12T01:03:09-05:00,2026-05-12,01:03:09,-16.42,-73.63,4.7,36,Superficial,III Atico,OCEANO,"24 km al S de Atico, Caravelí - Arequipa",0,267,01:03:09,1778562000000,1778565789000,4.7,2026-06-20T19:50:43Z,2026-267,OCEANO,1778562000000,1778565789000,01:03:09,III Atico,-16.42,-73.63,4.7,4.7,-36,1922,36,Superficial,"24 km al S de Atico, Caravelí - Arequipa",267,1,0
1921,2026-266,2026-05-11T19:09:15Z,2026-05-11T15:09:15-04:00,2026-05-11,15:09:15,2026-05-11T14:09:15-05:00,2026-05-11,14:09:15,-15.78,-75.34,4.1,29,Superficial,,OCEANO,"50 km al SO de San Juan de Marcona, Nasca - Ica",0,266,14:09:15,1778475600000,1778526555000,4.1,2026-06-20T19:50:43Z,2026-266,OCEANO,1778475600000,1778526555000,14:09:15,,-15.78,-75.34,4.1,4.1,-29,1921,29,Superficial,"50 km al SO de San Juan de Marcona, Nasca - Ica",266,0,0
1920,2026-265,2026-05-11T18:20:15Z,2026-05-11T14:20:15-04:00,2026-05-11,14:20:15,2026-05-11T13:20:15-05:00,2026-05-11,13:20:15,-9.44,-79.18,4.3,51,Superficial,III-IV Chimbote,OCEANO,"78 km al SO de Chimbote, Santa - Áncash",0,265,13:20:15,1778475600000,1778523615000,4.3,2026-06-20T19:50:43Z,2026-265,OCEANO,1778475600000,1778523615000,13:20:15,III-IV Chimbote,-9.44,-79.18,4.3,4.3,-51,1920,51,Superficial,"78 km al SO de Chimbote, Santa - Áncash",265,1,0
1919,2026-264,2026-05-11T13:50:57Z,2026-05-11T09:50:57-04:00,2026-05-11,09:50:57,2026-05-11T08:50:57-05:00,2026-05-11,08:50:57,-4.96,-80.77,4.5,40,Superficial,III-IV Sullana,PIURA,"11 km al SO de Sullana, Sullana - Piura",0,264,08:50:57,1778475600000,1778507457000,4.5,2026-06-20T19:50:43Z,2026-264,PIURA,1778475600000,1778507457000,08:50:57,III-IV Sullana,-4.96,-80.77,4.5,4.5,-40,1919,40,Superficial,"11 km al SO de Sullana, Sullana - Piura",264,1,0
1918,2026-263,2026-05-10T21:19:43Z,2026-05-10T17:19:43-04:00,2026-05-10,17:19:43,2026-05-10T16:19:43-05:00,2026-05-10,16:19:43,-7.04,-75.96,3.9,49,Superficial,II-III Picota,SAN MARTÍN,"43 km al E de Picota, Picota - San Martín",0,263,16:19:43,1778389200000,1778447983000,3.9,2026-06-20T19:50:43Z,2026-263,SAN MARTÍN,1778389200000,1778447983000,16:19:43,II-III Picota,-7.04,-75.96,3.9,3.9,-49,1918,49,Superficial,"43 km al E de Picota, Picota - San Martín",263,1,0
1917,2026-262,2026-05-10T13:50:51Z,2026-05-10T09:50:51-04:00,2026-05-10,09:50:51,2026-05-10T08:50:51-05:00,2026-05-10,08:50:51,-14.84,-75.57,4.2,50,Superficial,II-III Palpa,ICA,"54 km al SO de Palpa, Palpa - Ica",0,262,08:50:51,1778389200000,1778421051000,4.2,2026-06-20T19:50:43Z,2026-262,ICA,1778389200000,1778421051000,08:50:51,II-III Palpa,-14.84,-75.57,4.2,4.2,-50,1917,50,Superficial,"54 km al SO de Palpa, Palpa - Ica",262,1,0
1916,2026-261,2026-05-10T13:15:46Z,2026-05-10T09:15:46-04:00,2026-05-10,09:15:46,2026-05-10T08:15:46-05:00,2026-05-10,08:15:46,-15.61,-74.6,3.5,22,Superficial,III Yauca,AREQUIPA,"10 km al NO de Yauca, Caravelí - Arequipa",0,261,08:15:46,1778389200000,1778418946000,3.5,2026-06-20T19:50:43Z,2026-261,AREQUIPA,1778389200000,1778418946000,08:15:46,III Yauca,-15.61,-74.6,3.5,3.5,-22,1916,22,Superficial,"10 km al NO de Yauca, Caravelí - Arequipa",261,1,0
1915,2026-260,2026-05-08T17:50:07Z,2026-05-08T13:50:07-04:00,2026-05-08,13:50:07,2026-05-08T12:50:07-05:00,2026-05-08,12:50:07,-4.43,-77.76,4.3,22,Superficial,III Santa María de Nieva,AMAZONAS,"22 km al NE de Santa María de Nieva, Condorcanqui - Amazonas",0,260,12:50:07,1778216400000,1778262607000,4.3,2026-06-20T19:50:43Z,2026-260,AMAZONAS,1778216400000,1778262607000,12:50:07,III Santa María de Nieva,-4.43,-77.76,4.3,4.3,-22,1915,22,Superficial,"22 km al NE de Santa María de Nieva, Condorcanqui - Amazonas",260,1,0
1914,2026-259,2026-05-08T17:14:37Z,2026-05-08T13:14:37-04:00,2026-05-08,13:14:37,2026-05-08T12:14:37-05:00,2026-05-08,12:14:37,-15.17,-75.81,4.9,34,Superficial,III-IV San Juan de Marcona,OCEANO,"72 km al O de San Juan de Marcona, Nasca - Ica",0,259,12:14:37,1778216400000,1778260477000,4.9,2026-06-20T19:50:43Z,2026-259,OCEANO,1778216400000,1778260477000,12:14:37,III-IV San Juan de Marcona,-15.17,-75.81,4.9,4.9,-34,1914,34,Superficial,"72 km al O de San Juan de Marcona, Nasca - Ica",259,1,0
1913,2026-258,2026-05-08T15:42:19Z,2026-05-08T11:42:19-04:00,2026-05-08,11:42:19,2026-05-08T10:42:19-05:00,2026-05-08,10:42:19,-15.2,-75.89,4.0,36,Superficial,,OCEANO,"80 km al O de San Juan de Marcona, Nasca - Ica",0,258,10:42:19,1778216400000,1778254939000,4.0,2026-06-20T19:50:43Z,2026-258,OCEANO,1778216400000,1778254939000,10:42:19,,-15.2,-75.89,4.0,4.0,-36,1913,36,Superficial,"80 km al O de San Juan de Marcona, Nasca - Ica",258,0,0
1912,2026-257,2026-05-07T12:11:41Z,2026-05-07T08:11:41-04:00,2026-05-07,08:11:41,2026-05-07T07:11:41-05:00,2026-05-07,07:11:41,-14.84,-75.37,4.0,37,Superficial,II-III Palpa,ICA,"39 km al SO de Palpa, Palpa - Ica",0,257,07:11:41,1778130000000,1778155901000,4.0,2026-06-20T19:50:43Z,2026-257,ICA,1778130000000,1778155901000,07:11:41,II-III Palpa,-14.84,-75.37,4.0,4.0,-37,1912,37,Superficial,"39 km al SO de Palpa, Palpa - Ica",257,1,0
1911,2026-256,2026-05-06T18:41:06Z,2026-05-06T14:41:06-04:00,2026-05-06,14:41:06,2026-05-06T13:41:06-05:00,2026-05-06,13:41:06,-16.94,-71.97,3.5,39,Superficial,II-III Mollendo,AREQUIPA,"11 km al NE de Mollendo, Islay - Arequipa",0,256,13:41:06,1778043600000,1778092866000,3.5,2026-06-20T19:50:43Z,2026-256,AREQUIPA,1778043600000,1778092866000,13:41:06,II-III Mollendo,-16.94,-71.97,3.5,3.5,-39,1911,39,Superficial,"11 km al NE de Mollendo, Islay - Arequipa",256,1,0
1910,2026-255,2026-05-06T07:25:19Z,2026-05-06T03:25:19-04:00,2026-05-06,03:25:19,2026-05-06T02:25:19-05:00,2026-05-06,02:25:19,-11.68,-73.15,3.5,36,Superficial,II-III Comunidad Camisea,CUSCO,"23 km al O de Comunidad Camisea, La Convención - Cusco",0,255,02:25:19,1778043600000,1778052319000,3.5,2026-06-20T19:50:43Z,2026-255,CUSCO,1778043600000,1778052319000,02:25:19,II-III Comunidad Camisea,-11.68,-73.15,3.5,3.5,-36,1910,36,Superficial,"23 km al O de Comunidad Camisea, La Convención - Cusco",255,1,0
1909,2026-254,2026-05-05T16:31:34Z,2026-05-05T12:31:34-04:00,2026-05-05,12:31:34,2026-05-05T11:31:34-05:00,2026-05-05,11:31:34,-5.0,-77.04,4.2,152,Intermedio,,LORETO,"44 km al SO de Barranca, Datem del Marañón - Loreto",0,254,11:31:34,1777957200000,1777998694000,4.2,2026-06-20T19:50:43Z,2026-254,LORETO,1777957200000,1777998694000,11:31:34,,-5.0,-77.04,4.2,4.2,-152,1909,152,Intermedio,"44 km al SO de Barranca, Datem del Marañón - Loreto",254,0,0
1908,2026-253,2026-05-05T15:58:25Z,2026-05-05T11:58:25-04:00,2026-05-05,11:58:25,2026-05-05T10:58:25-05:00,2026-05-05,10:58:25,-3.56,-80.61,5.0,55,Superficial,III-IV Zorritos,OCEANO,"13 km al NE de Zorritos, Contralmirante Villar - Tumbes",0,253,10:58:25,1777957200000,1777996705000,5.0,2026-06-20T19:50:43Z,2026-253,OCEANO,1777957200000,1777996705000,10:58:25,III-IV Zorritos,-3.56,-80.61,5.0,5.0,-55,1908,55,Superficial,"13 km al NE de Zorritos, Contralmirante Villar - Tumbes",253,1,0
1907,2026-252,2026-05-05T12:43:28Z,2026-05-05T08:43:28-04:00,2026-05-05,08:43:28,2026-05-05T07:43:28-05:00,2026-05-05,07:43:28,-15.8,-70.55,3.4,16,Superficial,II-III Santa Lucía,PUNO,"13 km al SE de Santa Lucía, Lampa - Puno",0,252,07:43:28,1777957200000,1777985008000,3.4,2026-06-20T19:50:43Z,2026-252,PUNO,1777957200000,1777985008000,07:43:28,II-III Santa Lucía,-15.8,-70.55,3.4,3.4,-16,1907,16,Superficial,"13 km al SE de Santa Lucía, Lampa - Puno",252,1,0
1906,2026-251,2026-05-04T05:51:05Z,2026-05-04T01:51:05-04:00,2026-05-04,01:51:05,2026-05-04T00:51:05-05:00,2026-05-04,00:51:05,-11.16,-79.39,4.0,21,Superficial,,OCEANO,"182 km al SO de Huarmey, Huarmey - Áncash",0,251,00:51:05,1777870800000,1777873865000,4.0,2026-06-20T19:50:43Z,2026-251,OCEANO,1777870800000,1777873865000,00:51:05,,-11.16,-79.39,4.0,4.0,-21,1906,21,Superficial,"182 km al SO de Huarmey, Huarmey - Áncash",251,0,0
1905,2026-250,2026-05-04T05:08:33Z,2026-05-04T01:08:33-04:00,2026-05-04,01:08:33,2026-05-04T00:08:33-05:00,2026-05-04,00:08:33,-15.78,-74.45,4.1,62,Intermedio,,OCEANO,"16 km al SE de Yauca, Caravelí - Arequipa",0,250,00:08:33,1777870800000,1777871313000,4.1,2026-06-20T19:50:43Z,2026-250,OCEANO,1777870800000,1777871313000,00:08:33,,-15.78,-74.45,4.1,4.1,-62,1905,62,Intermedio,"16 km al SE de Yauca, Caravelí - Arequipa",250,0,0
1904,2026-249,2026-05-04T03:04:20Z,2026-05-03T23:04:20-04:00,2026-05-03,23:04:20,2026-05-03T22:04:20-05:00,2026-05-03,22:04:20,-9.94,-75.79,3.4,12,Superficial,II Panao,HUÁNUCO,"23 km al E de Panao, Pachitea - Huánuco",0,249,22:04:20,1777784400000,1777863860000,3.4,2026-06-20T19:50:43Z,2026-249,HUÁNUCO,1777784400000,1777863860000,22:04:20,II Panao,-9.94,-75.79,3.4,3.4,-12,1904,12,Superficial,"23 km al E de Panao, Pachitea - Huánuco",249,1,0
1903,2026-248,2026-05-03T08:19:54Z,2026-05-03T04:19:54-04:00,2026-05-03,04:19:54,2026-05-03T03:19:54-05:00,2026-05-03,03:19:54,-16.74,-70.63,3.4,9,Superficial,II Calacoa,MOQUEGUA,"6 km al E de Calacoa, Mariscal Nieto - Moquegua",0,248,03:19:54,1777784400000,1777796394000,3.4,2026-06-20T19:50:43Z,2026-248,MOQUEGUA,1777784400000,1777796394000,03:19:54,II Calacoa,-16.74,-70.63,3.4,3.4,-9,1903,9,Superficial,"6 km al E de Calacoa, Mariscal Nieto - Moquegua",248,1,0
1902,2026-247,2026-05-02T08:22:43Z,2026-05-02T04:22:43-04:00,2026-05-02,04:22:43,2026-05-02T03:22:43-05:00,2026-05-02,03:22:43,-14.75,-75.7,4.0,75,Intermedio,,ICA,"59 km al NO de San Juan, Nasca - Ica",0,247,03:22:43,1777698000000,1777710163000,4.0,2026-06-20T19:50:43Z,2026-247,ICA,1777698000000,1777710163000,03:22:43,,-14.75,-75.7,4.0,4.0,-75,1902,75,Intermedio,"59 km al NO de San Juan, Nasca - Ica",247,0,0
1901,2026-246,2026-05-02T03:46:22Z,2026-05-01T23:46:22-04:00,2026-05-01,23:46:22,2026-05-01T22:46:22-05:00,2026-05-01,22:46:22,-15.88,-70.81,3.5,16,Superficial,II-III Santa Lucía,PUNO,"30 km al SO de Santa Lucía, Lampa - Puno",0,246,22:46:22,1777611600000,1777693582000,3.5,2026-06-20T19:50:43Z,2026-246,PUNO,1777611600000,1777693582000,22:46:22,II-III Santa Lucía,-15.88,-70.81,3.5,3.5,-16,1901,16,Superficial,"30 km al SO de Santa Lucía, Lampa - Puno",246,1,0
1900,2026-245,2026-05-01T23:51:54Z,2026-05-01T19:51:54-04:00,2026-05-01,19:51:54,2026-05-01T18:51:54-05:00,2026-05-01,18:51:54,-17.34,-72.55,4.0,25,Superficial,II Mollendo,OCEANO,"67 km al SO de Mollendo, Islay - Arequipa",0,245,18:51:54,1777611600000,1777679514000,4.0,2026-06-20T19:50:43Z,2026-245,OCEANO,1777611600000,1777679514000,18:51:54,II Mollendo,-17.34,-72.55,4.0,4.0,-25,1900,25,Superficial,"67 km al SO de Mollendo, Islay - Arequipa",245,1,0
1899,2026-244,2026-05-01T09:33:34Z,2026-05-01T05:33:34-04:00,2026-05-01,05:33:34,2026-05-01T04:33:34-05:00,2026-05-01,04:33:34,-17.23,-70.83,3.5,20,Superficial,II-III Moquegua,MOQUEGUA,"12 km al E de Moquegua, Mariscal Nieto - Moquegua",0,244,04:33:34,1777611600000,1777628014000,3.5,2026-06-20T19:50:43Z,2026-244,MOQUEGUA,1777611600000,1777628014000,04:33:34,II-III Moquegua,-17.23,-70.83,3.5,3.5,-20,1899,20,Superficial,"12 km al E de Moquegua, Mariscal Nieto - Moquegua",244,1,0
1898,2026-243,2026-05-01T08:13:50Z,2026-05-01T04:13:50-04:00,2026-05-01,04:13:50,2026-05-01T03:13:50-05:00,2026-05-01,03:13:50,-15.84,-70.58,3.5,23,Superficial,II-III Santa Lucía,PUNO,"16 km al S de Santa Lucía, Lampa - Puno",0,243,03:13:50,1777611600000,1777623230000,3.5,2026-06-20T19:50:43Z,2026-243,PUNO,1777611600000,1777623230000,03:13:50,II-III Santa Lucía,-15.84,-70.58,3.5,3.5,-23,1898,23,Superficial,"16 km al S de Santa Lucía, Lampa - Puno",243,1,0
1897,2026-242,2026-05-01T08:13:17Z,2026-05-01T04:13:17-04:00,2026-05-01,04:13:17,2026-05-01T03:13:17-05:00,2026-05-01,03:13:17,-12.4,-76.36,4.0,90,Intermedio,II-III Calango,LIMA,"24 km al NE de Calango, Cañete - Lima",0,242,03:13:17,1777611600000,1777623197000,4.0,2026-06-20T19:50:43Z,2026-242,LIMA,1777611600000,1777623197000,03:13:17,II-III Calango,-12.4,-76.36,4.0,4.0,-90,1897,90,Intermedio,"24 km al NE de Calango, Cañete - Lima",242,1,0
1896,2026-241,2026-04-30T13:28:29Z,2026-04-30T09:28:29-04:00,2026-04-30,09:28:29,2026-04-30T08:28:29-05:00,2026-04-30,08:28:29,-5.52,-78.92,3.5,17,Superficial,II-III Jaén,CAJAMARCA,"24 km al NO de Jaén, Jaén - Cajamarca",0,241,08:28:29,1777525200000,1777555709000,3.5,2026-06-20T19:50:43Z,2026-241,CAJAMARCA,1777525200000,1777555709000,08:28:29,II-III Jaén,-5.52,-78.92,3.5,3.5,-17,1896,17,Superficial,"24 km al NO de Jaén, Jaén - Cajamarca",241,1,0
1895,2026-240,2026-04-30T12:36:42Z,2026-04-30T08:36:42-04:00,2026-04-30,08:36:42,2026-04-30T07:36:42-05:00,2026-04-30,07:36:42,-14.46,-69.09,4.4,15,Superficial,III Sina,PUNO,"21 km al E de Sina, San Antonio de Putina - Puno",0,240,07:36:42,1777525200000,1777552602000,4.4,2026-06-20T19:50:43Z,2026-240,PUNO,1777525200000,1777552602000,07:36:42,III Sina,-14.46,-69.09,4.4,4.4,-15,1895,15,Superficial,"21 km al E de Sina, San Antonio de Putina - Puno",240,1,0
1894,2026-239,2026-04-30T10:50:17Z,2026-04-30T06:50:17-04:00,2026-04-30,06:50:17,2026-04-30T05:50:17-05:00,2026-04-30,05:50:17,-6.54,-76.17,4.0,37,Superficial,II-III Tarapoto,SAN MARTÍN,"22 km al E de Tarapoto, San Martín - San Martín",0,239,05:50:17,1777525200000,1777546217000,4.0,2026-06-20T19:50:43Z,2026-239,SAN MARTÍN,1777525200000,1777546217000,05:50:17,II-III Tarapoto,-6.54,-76.17,4.0,4.0,-37,1894,37,Superficial,"22 km al E de Tarapoto, San Martín - San Martín",239,1,0
1893,2026-238,2026-04-30T02:56:15Z,2026-04-29T22:56:15-04:00,2026-04-29,22:56:15,2026-04-29T21:56:15-05:00,2026-04-29,21:56:15,-16.69,-71.89,3.8,35,Superficial,II-III Vitor,AREQUIPA,"25 km al S de Vitor, Arequipa - Arequipa",0,238,21:56:15,1777438800000,1777517775000,3.8,2026-06-20T19:50:43Z,2026-238,AREQUIPA,1777438800000,1777517775000,21:56:15,II-III Vitor,-16.69,-71.89,3.8,3.8,-35,1893,35,Superficial,"25 km al S de Vitor, Arequipa - Arequipa",238,1,0
1892,2026-237,2026-04-29T06:12:12Z,2026-04-29T02:12:12-04:00,2026-04-29,02:12:12,2026-04-29T01:12:12-05:00,2026-04-29,01:12:12,-5.58,-78.92,4.8,22,Superficial,III Jaén,CAJAMARCA,"19 km al NO de Jaén, Jaén - Cajamarca",0,237,01:12:12,1777438800000,1777443132000,4.8,2026-06-20T19:50:43Z,2026-237,CAJAMARCA,1777438800000,1777443132000,01:12:12,III Jaén,-5.58,-78.92,4.8,4.8,-22,1892,22,Superficial,"19 km al NO de Jaén, Jaén - Cajamarca",237,1,0
1891,2026-236,2026-04-28T21:02:26Z,2026-04-28T17:02:26-04:00,2026-04-28,17:02:26,2026-04-28T16:02:26-05:00,2026-04-28,16:02:26,-8.06,-75.3,4.0,160,Intermedio,,LORETO,"48 km al N de Curimaná, Padre Abad - Ucayali",0,236,16:02:26,1777352400000,1777410146000,4.0,2026-06-20T19:50:43Z,2026-236,LORETO,1777352400000,1777410146000,16:02:26,,-8.06,-75.3,4.0,4.0,-160,1891,160,Intermedio,"48 km al N de Curimaná, Padre Abad - Ucayali",236,0,0
1890,2026-235,2026-04-28T07:54:14Z,2026-04-28T03:54:14-04:00,2026-04-28,03:54:14,2026-04-28T02:54:14-05:00,2026-04-28,02:54:14,-13.6,-74.81,4.0,104,Intermedio,,HUANCAVELICA,"50 km al O de Chuschi, Cangallo - Ayacucho",0,235,02:54:14,1777352400000,1777362854000,4.0,2026-06-20T19:50:43Z,2026-235,HUANCAVELICA,1777352400000,1777362854000,02:54:14,,-13.6,-74.81,4.0,4.0,-104,1890,104,Intermedio,"50 km al O de Chuschi, Cangallo - Ayacucho",235,0,0
1889,2026-234,2026-04-27T23:36:08Z,2026-04-27T19:36:08-04:00,2026-04-27,19:36:08,2026-04-27T18:36:08-05:00,2026-04-27,18:36:08,-9.81,-75.79,3.5,14,Superficial,II-III Panao,HUÁNUCO,"24 km al NE de Panao, Pachitea - Huánuco",0,234,18:36:08,1777266000000,1777332968000,3.5,2026-06-20T19:50:43Z,2026-234,HUÁNUCO,1777266000000,1777332968000,18:36:08,II-III Panao,-9.81,-75.79,3.5,3.5,-14,1889,14,Superficial,"24 km al NE de Panao, Pachitea - Huánuco",234,1,0
1888,2026-233,2026-04-27T09:53:41Z,2026-04-27T05:53:41-04:00,2026-04-27,05:53:41,2026-04-27T04:53:41-05:00,2026-04-27,04:53:41,-15.69,-71.94,3.5,13,Superficial,II-III Cabanaconde,AREQUIPA,"9 km al SE de Cabanaconde, Caylloma - Arequipa",0,233,04:53:41,1777266000000,1777283621000,3.5,2026-06-20T19:50:43Z,2026-233,AREQUIPA,1777266000000,1777283621000,04:53:41,II-III Cabanaconde,-15.69,-71.94,3.5,3.5,-13,1888,13,Superficial,"9 km al SE de Cabanaconde, Caylloma - Arequipa",233,1,0
1887,2026-232,2026-04-27T09:27:30Z,2026-04-27T05:27:30-04:00,2026-04-27,05:27:30,2026-04-27T04:27:30-05:00,2026-04-27,04:27:30,-8.77,-76.24,3.6,16,Superficial,II-III Aucayacu,SAN MARTÍN,"23 km al NO de Aucayacu, Leoncio Prado - Huánuco",0,232,04:27:30,1777266000000,1777282050000,3.6,2026-06-20T19:50:43Z,2026-232,SAN MARTÍN,1777266000000,1777282050000,04:27:30,II-III Aucayacu,-8.77,-76.24,3.6,3.6,-16,1887,16,Superficial,"23 km al NO de Aucayacu, Leoncio Prado - Huánuco",232,1,0
1886,2026-231,2026-04-26T19:23:09Z,2026-04-26T15:23:09-04:00,2026-04-26,15:23:09,2026-04-26T14:23:09-05:00,2026-04-26,14:23:09,-10.0,-74.74,4.0,124,Intermedio,,PASCO,"39 km al NE de Puerto Bermúdez, Oxapampa - Pasco",0,231,14:23:09,1777179600000,1777231389000,4.0,2026-06-20T19:50:43Z,2026-231,PASCO,1777179600000,1777231389000,14:23:09,,-10.0,-74.74,4.0,4.0,-124,1886,124,Intermedio,"39 km al NE de Puerto Bermúdez, Oxapampa - Pasco",231,0,0
1885,2026-230,2026-04-26T01:44:58Z,2026-04-25T21:44:58-04:00,2026-04-25,21:44:58,2026-04-25T20:44:58-05:00,2026-04-25,20:44:58,-10.15,-74.61,4.0,135,Intermedio,,PASCO,"40 km al NE de Puerto Bermúdez, Oxapampa - Pasco",0,230,20:44:58,1777093200000,1777167898000,4.0,2026-06-20T19:50:43Z,2026-230,PASCO,1777093200000,1777167898000,20:44:58,,-10.15,-74.61,4.0,4.0,-135,1885,135,Intermedio,"40 km al NE de Puerto Bermúdez, Oxapampa - Pasco",230,0,0
1884,2026-229,2026-04-25T20:14:40Z,2026-04-25T16:14:40-04:00,2026-04-25,16:14:40,2026-04-25T15:14:40-05:00,2026-04-25,15:14:40,-14.5,-76.28,5.0,18,Superficial,III-IV Ica,OCEANO,"77 km al SO de Ica, Ica - Ica",0,229,15:14:40,1777093200000,1777148080000,5.0,2026-06-20T19:50:43Z,2026-229,OCEANO,1777093200000,1777148080000,15:14:40,III-IV Ica,-14.5,-76.28,5.0,5.0,-18,1884,18,Superficial,"77 km al SO de Ica, Ica - Ica",229,1,0
1883,2026-228,2026-04-25T09:53:40Z,2026-04-25T05:53:40-04:00,2026-04-25,05:53:40,2026-04-25T04:53:40-05:00,2026-04-25,04:53:40,-8.9,-74.96,4.5,126,Intermedio,III Puerto Inca,HUÁNUCO,"53 km al N de Puerto Inca, Puerto Inca - Huánuco",0,228,04:53:40,1777093200000,1777110820000,4.5,2026-06-20T19:50:43Z,2026-228,HUÁNUCO,1777093200000,1777110820000,04:53:40,III Puerto Inca,-8.9,-74.96,4.5,4.5,-126,1883,126,Intermedio,"53 km al N de Puerto Inca, Puerto Inca - Huánuco",228,1,0
1882,2026-227,2026-04-24T16:18:19Z,2026-04-24T12:18:19-04:00,2026-04-24,12:18:19,2026-04-24T11:18:19-05:00,2026-04-24,11:18:19,-18.21,-71.5,3.7,33,Superficial,II Ilo,OCEANO,"65 km al S de Ilo, Ilo - Moquegua",0,227,11:18:19,1777006800000,1777047499000,3.7,2026-06-20T19:50:43Z,2026-227,OCEANO,1777006800000,1777047499000,11:18:19,II Ilo,-18.21,-71.5,3.7,3.7,-33,1882,33,Superficial,"65 km al S de Ilo, Ilo - Moquegua",227,1,0
1881,2026-226,2026-04-24T07:04:04Z,2026-04-24T03:04:04-04:00,2026-04-24,03:04:04,2026-04-24T02:04:04-05:00,2026-04-24,02:04:04,-7.06,-78.67,3.7,17,Superficial,II-III Cajamarca,CAJAMARCA,"20 km al NO de Cajamarca, Cajamarca - Cajamarca",0,226,02:04:04,1777006800000,1777014244000,3.7,2026-06-20T19:50:43Z,2026-226,CAJAMARCA,1777006800000,1777014244000,02:04:04,II-III Cajamarca,-7.06,-78.67,3.7,3.7,-17,1881,17,Superficial,"20 km al NO de Cajamarca, Cajamarca - Cajamarca",226,1,0
1880,2026-225,2026-04-23T09:11:42Z,2026-04-23T05:11:42-04:00,2026-04-23,05:11:42,2026-04-23T04:11:42-05:00,2026-04-23,04:11:42,-9.01,-79.19,3.5,41,Superficial,II-III Chimbote,OCEANO,"67 km al O de Chimbote, Santa - Áncash",0,225,04:11:42,1776920400000,1776935502000,3.5,2026-06-20T19:50:43Z,2026-225,OCEANO,1776920400000,1776935502000,04:11:42,II-III Chimbote,-9.01,-79.19,3.5,3.5,-41,1880,41,Superficial,"67 km al O de Chimbote, Santa - Áncash",225,1,0
1879,2026-224,2026-04-23T06:41:51Z,2026-04-23T02:41:51-04:00,2026-04-23,02:41:51,2026-04-23T01:41:51-05:00,2026-04-23,01:41:51,-9.82,-74.91,3.5,16,Superficial,II-III Puerto Inca,HUÁNUCO,"50 km al S de Puerto Inca, Puerto Inca - Huánuco",0,224,01:41:51,1776920400000,1776926511000,3.5,2026-06-20T19:50:43Z,2026-224,HUÁNUCO,1776920400000,1776926511000,01:41:51,II-III Puerto Inca,-9.82,-74.91,3.5,3.5,-16,1879,16,Superficial,"50 km al S de Puerto Inca, Puerto Inca - Huánuco",224,1,0
1878,2026-223,2026-04-22T04:15:25Z,2026-04-22T00:15:25-04:00,2026-04-22,00:15:25,2026-04-21T23:15:25-05:00,2026-04-21,23:15:25,-5.77,-80.69,4.0,45,Superficial,II-III Sechura,PIURA,"28 km al SE de Sechura, Sechura - Piura",0,223,23:15:25,1776747600000,1776831325000,4.0,2026-06-20T19:50:43Z,2026-223,PIURA,1776747600000,1776831325000,23:15:25,II-III Sechura,-5.77,-80.69,4.0,4.0,-45,1878,45,Superficial,"28 km al SE de Sechura, Sechura - Piura",223,1,0
1877,2026-222,2026-04-21T16:18:54Z,2026-04-21T12:18:54-04:00,2026-04-21,12:18:54,2026-04-21T11:18:54-05:00,2026-04-21,11:18:54,-12.54,-75.6,4.9,106,Intermedio,III-IV Huasicancha,LIMA,"42 km al SO de Huasicancha, Huancayo - Junín",0,222,11:18:54,1776747600000,1776788334000,4.9,2026-06-20T19:50:43Z,2026-222,LIMA,1776747600000,1776788334000,11:18:54,III-IV Huasicancha,-12.54,-75.6,4.9,4.9,-106,1877,106,Intermedio,"42 km al SO de Huasicancha, Huancayo - Junín",222,1,0
1876,2026-221,2026-04-21T04:13:46Z,2026-04-21T00:13:46-04:00,2026-04-21,00:13:46,2026-04-20T23:13:46-05:00,2026-04-20,23:13:46,-17.74,-70.96,3.8,54,Superficial,II-III Locumba,TACNA,"25 km al SO de Locumba, Jorge Basadre - Tacna",0,221,23:13:46,1776661200000,1776744826000,3.8,2026-06-20T19:50:43Z,2026-221,TACNA,1776661200000,1776744826000,23:13:46,II-III Locumba,-17.74,-70.96,3.8,3.8,-54,1876,54,Superficial,"25 km al SO de Locumba, Jorge Basadre - Tacna",221,1,0
1875,2026-220,2026-04-20T23:26:40Z,2026-04-20T19:26:40-04:00,2026-04-20,19:26:40,2026-04-20T18:26:40-05:00,2026-04-20,18:26:40,-14.45,-76.48,4.5,21,Superficial,II-III Pisco,OCEANO,"87 km al S de Pisco, Pisco - Ica",0,220,18:26:40,1776661200000,1776727600000,4.5,2026-06-20T19:50:43Z,2026-220,OCEANO,1776661200000,1776727600000,18:26:40,II-III Pisco,-14.45,-76.48,4.5,4.5,-21,1875,21,Superficial,"87 km al S de Pisco, Pisco - Ica",220,1,0
1874,2026-219,2026-04-20T22:42:44Z,2026-04-20T18:42:44-04:00,2026-04-20,18:42:44,2026-04-20T17:42:44-05:00,2026-04-20,17:42:44,-14.47,-76.4,4.3,23,Superficial,,OCEANO,"85 km al SO de Ica, Ica - Ica",0,219,17:42:44,1776661200000,1776724964000,4.3,2026-06-20T19:50:43Z,2026-219,OCEANO,1776661200000,1776724964000,17:42:44,,-14.47,-76.4,4.3,4.3,-23,1874,23,Superficial,"85 km al SO de Ica, Ica - Ica",219,0,0
1873,2026-218,2026-04-19T18:20:00Z,2026-04-19T14:20:00-04:00,2026-04-19,14:20:00,2026-04-19T13:20:00-05:00,2026-04-19,13:20:00,-18.07,-69.86,4.3,138,Intermedio,,TACNA,"37 km al E de Calana, Tacna - Tacna",0,218,13:20:00,1776574800000,1776622800000,4.3,2026-06-20T19:50:43Z,2026-218,TACNA,1776574800000,1776622800000,13:20:00,,-18.07,-69.86,4.3,4.3,-138,1873,138,Intermedio,"37 km al E de Calana, Tacna - Tacna",218,0,0
1872,2026-217,2026-04-19T14:55:34Z,2026-04-19T10:55:34-04:00,2026-04-19,10:55:34,2026-04-19T09:55:34-05:00,2026-04-19,09:55:34,-17.98,-70.9,3.9,46,Superficial,II-III Locumba,OCEANO,"43 km al S de Locumba, Jorge Basadre - Tacna",0,217,09:55:34,1776574800000,1776610534000,3.9,2026-06-20T19:50:43Z,2026-217,OCEANO,1776574800000,1776610534000,09:55:34,II-III Locumba,-17.98,-70.9,3.9,3.9,-46,1872,46,Superficial,"43 km al S de Locumba, Jorge Basadre - Tacna",217,1,0
1871,2026-216,2026-04-19T09:57:49Z,2026-04-19T05:57:49-04:00,2026-04-19,05:57:49,2026-04-19T04:57:49-05:00,2026-04-19,04:57:49,-10.87,-78.2,4.0,46,Superficial,III Barranca,OCEANO,"50 km al O de Barranca, Barranca - Lima",0,216,04:57:49,1776574800000,1776592669000,4.0,2026-06-20T19:50:43Z,2026-216,OCEANO,1776574800000,1776592669000,04:57:49,III Barranca,-10.87,-78.2,4.0,4.0,-46,1871,46,Superficial,"50 km al O de Barranca, Barranca - Lima",216,1,0
1870,2026-215,2026-04-18T23:56:47Z,2026-04-18T19:56:47-04:00,2026-04-18,19:56:47,2026-04-18T18:56:47-05:00,2026-04-18,18:56:47,-8.01,-74.64,4.5,169,Intermedio,,UCAYALI,"43 km al N de Pucallpa, Coronel Portillo - Ucayali",0,215,18:56:47,1776488400000,1776556607000,4.5,2026-06-20T19:50:43Z,2026-215,UCAYALI,1776488400000,1776556607000,18:56:47,,-8.01,-74.64,4.5,4.5,-169,1870,169,Intermedio,"43 km al N de Pucallpa, Coronel Portillo - Ucayali",215,0,0
1869,2026-214,2026-04-18T10:58:46Z,2026-04-18T06:58:46-04:00,2026-04-18,06:58:46,2026-04-18T05:58:46-05:00,2026-04-18,05:58:46,-16.98,-72.25,3.5,62,Intermedio,II-III Mollendo,OCEANO,"25 km al O de Mollendo, Islay - Arequipa",0,214,05:58:46,1776488400000,1776509926000,3.5,2026-06-20T19:50:43Z,2026-214,OCEANO,1776488400000,1776509926000,05:58:46,II-III Mollendo,-16.98,-72.25,3.5,3.5,-62,1869,62,Intermedio,"25 km al O de Mollendo, Islay - Arequipa",214,1,0
1868,2026-213,2026-04-18T09:49:53Z,2026-04-18T05:49:53-04:00,2026-04-18,05:49:53,2026-04-18T04:49:53-05:00,2026-04-18,04:49:53,-16.53,-72.5,3.5,91,Intermedio,II-III Quilca,AREQUIPA,"22 km al N de Quilca, Camaná - Arequipa",0,213,04:49:53,1776488400000,1776505793000,3.5,2026-06-20T19:50:43Z,2026-213,AREQUIPA,1776488400000,1776505793000,04:49:53,II-III Quilca,-16.53,-72.5,3.5,3.5,-91,1868,91,Intermedio,"22 km al N de Quilca, Camaná - Arequipa",213,1,0
1867,2026-212,2026-04-17T03:54:26Z,2026-04-16T23:54:26-04:00,2026-04-16,23:54:26,2026-04-16T22:54:26-05:00,2026-04-16,22:54:26,-18.41,-71.42,4.0,33,Superficial,,OCEANO,"85 km al S de Ilo, Ilo - Moquegua",0,212,22:54:26,1776315600000,1776398066000,4.0,2026-06-20T19:50:43Z,2026-212,OCEANO,1776315600000,1776398066000,22:54:26,,-18.41,-71.42,4.0,4.0,-33,1867,33,Superficial,"85 km al S de Ilo, Ilo - Moquegua",212,0,0
1866,2026-211,2026-04-17T01:50:47Z,2026-04-16T21:50:47-04:00,2026-04-16,21:50:47,2026-04-16T20:50:47-05:00,2026-04-16,20:50:47,-17.1,-72.63,3.6,43,Superficial,II-III Quilca,OCEANO,"48 km al SO de Quilca, Camaná - Arequipa",0,211,20:50:47,1776315600000,1776390647000,3.6,2026-06-20T19:50:43Z,2026-211,OCEANO,1776315600000,1776390647000,20:50:47,II-III Quilca,-17.1,-72.63,3.6,3.6,-43,1866,43,Superficial,"48 km al SO de Quilca, Camaná - Arequipa",211,1,0
1865,2026-210,2026-04-16T09:24:00Z,2026-04-16T05:24:00-04:00,2026-04-16,05:24:00,2026-04-16T04:24:00-05:00,2026-04-16,04:24:00,-4.22,-80.89,3.7,32,Superficial,II-III Máncora,PIURA,"22 km al SE de Máncora, Talara - Piura",0,210,04:24:00,1776315600000,1776331440000,3.7,2026-06-20T19:50:43Z,2026-210,PIURA,1776315600000,1776331440000,04:24:00,II-III Máncora,-4.22,-80.89,3.7,3.7,-32,1865,32,Superficial,"22 km al SE de Máncora, Talara - Piura",210,1,0
1864,2026-209,2026-04-16T08:09:02Z,2026-04-16T04:09:02-04:00,2026-04-16,04:09:02,2026-04-16T03:09:02-05:00,2026-04-16,03:09:02,-14.48,-76.77,5.1,48,Superficial,IV Pisco,OCEANO,"104 km al SO de Pisco, Pisco - Ica",0,209,03:09:02,1776315600000,1776326942000,5.1,2026-06-20T19:50:43Z,2026-209,OCEANO,1776315600000,1776326942000,03:09:02,IV Pisco,-14.48,-76.77,5.1,5.1,-48,1864,48,Superficial,"104 km al SO de Pisco, Pisco - Ica",209,1,0
1863,2026-208,2026-04-16T06:18:49Z,2026-04-16T02:18:49-04:00,2026-04-16,02:18:49,2026-04-16T01:18:49-05:00,2026-04-16,01:18:49,-6.36,-76.87,4.9,124,Intermedio,III-IV Moyobamba,SAN MARTÍN,"38 km al S de Moyobamba, Moyobamba - San Martín",0,208,01:18:49,1776315600000,1776320329000,4.9,2026-06-20T19:50:43Z,2026-208,SAN MARTÍN,1776315600000,1776320329000,01:18:49,III-IV Moyobamba,-6.36,-76.87,4.9,4.9,-124,1863,124,Intermedio,"38 km al S de Moyobamba, Moyobamba - San Martín",208,1,0
1862,2026-207,2026-04-15T13:40:56Z,2026-04-15T09:40:56-04:00,2026-04-15,09:40:56,2026-04-15T08:40:56-05:00,2026-04-15,08:40:56,-11.1,-78.04,3.7,43,Superficial,II-III Huacho,OCEANO,"47 km al O de Huacho, Huaura - Lima",0,207,08:40:56,1776229200000,1776260456000,3.7,2026-06-20T19:50:43Z,2026-207,OCEANO,1776229200000,1776260456000,08:40:56,II-III Huacho,-11.1,-78.04,3.7,3.7,-43,1862,43,Superficial,"47 km al O de Huacho, Huaura - Lima",207,1,0
1861,2026-206,2026-04-14T22:21:26Z,2026-04-14T18:21:26-04:00,2026-04-14,18:21:26,2026-04-14T17:21:26-05:00,2026-04-14,17:21:26,-4.07,-80.94,3.8,30,Superficial,II-III Máncora,TUMBES,"13 km al E de Máncora, Talara - Piura",0,206,17:21:26,1776142800000,1776205286000,3.8,2026-06-20T19:50:43Z,2026-206,TUMBES,1776142800000,1776205286000,17:21:26,II-III Máncora,-4.07,-80.94,3.8,3.8,-30,1861,30,Superficial,"13 km al E de Máncora, Talara - Piura",206,1,0
1860,2026-205,2026-04-14T04:46:33Z,2026-04-14T00:46:33-04:00,2026-04-14,00:46:33,2026-04-13T23:46:33-05:00,2026-04-13,23:46:33,-15.05,-75.35,4.0,40,Superficial,II-III San Juan,ICA,"12 km al N de San Juan, Nasca - Ica",0,205,23:46:33,1776056400000,1776141993000,4.0,2026-06-20T19:50:43Z,2026-205,ICA,1776056400000,1776141993000,23:46:33,II-III San Juan,-15.05,-75.35,4.0,4.0,-40,1860,40,Superficial,"12 km al N de San Juan, Nasca - Ica",205,1,0
1859,2026-204,2026-04-13T20:42:51Z,2026-04-13T16:42:51-04:00,2026-04-13,16:42:51,2026-04-13T15:42:51-05:00,2026-04-13,15:42:51,-17.8,-70.48,4.0,86,Intermedio,II-III Alto de la Alianza,TACNA,"32 km al NO de Alto de la Alianza, Tacna - Tacna",0,204,15:42:51,1776056400000,1776112971000,4.0,2026-06-20T19:50:43Z,2026-204,TACNA,1776056400000,1776112971000,15:42:51,II-III Alto de la Alianza,-17.8,-70.48,4.0,4.0,-86,1859,86,Intermedio,"32 km al NO de Alto de la Alianza, Tacna - Tacna",204,1,0
1858,2026-203,2026-04-13T04:40:42Z,2026-04-13T00:40:42-04:00,2026-04-13,00:40:42,2026-04-12T23:40:42-05:00,2026-04-12,23:40:42,-12.15,-77.18,3.5,56,Superficial,II-III Callao,OCEANO,"13 km al SO de Callao, Provincia Constitucional del Callao",0,203,23:40:42,1775970000000,1776055242000,3.5,2026-06-20T19:50:43Z,2026-203,OCEANO,1775970000000,1776055242000,23:40:42,II-III Callao,-12.15,-77.18,3.5,3.5,-56,1858,56,Superficial,"13 km al SO de Callao, Provincia Constitucional del Callao",203,1,0
1857,2026-202,2026-04-13T00:29:28Z,2026-04-12T20:29:28-04:00,2026-04-12,20:29:28,2026-04-12T19:29:28-05:00,2026-04-12,19:29:28,-12.32,-77.27,3.5,47,Superficial,II-III Callao,OCEANO,"35 km al SO de Callao, Provincia Constitucional del Callao",0,202,19:29:28,1775970000000,1776040168000,3.5,2026-06-20T19:50:43Z,2026-202,OCEANO,1775970000000,1776040168000,19:29:28,II-III Callao,-12.32,-77.27,3.5,3.5,-47,1857,47,Superficial,"35 km al SO de Callao, Provincia Constitucional del Callao",202,1,0
1856,2026-201,2026-04-12T17:12:44Z,2026-04-12T13:12:44-04:00,2026-04-12,13:12:44,2026-04-12T12:12:44-05:00,2026-04-12,12:12:44,-12.08,-77.21,4.0,61,Intermedio,II-III Callao,OCEANO,"11 km al O de Callao, Provincia Constitucional del Callao",0,201,12:12:44,1775970000000,1776013964000,4.0,2026-06-20T19:50:43Z,2026-201,OCEANO,1775970000000,1776013964000,12:12:44,II-III Callao,-12.08,-77.21,4.0,4.0,-61,1856,61,Intermedio,"11 km al O de Callao, Provincia Constitucional del Callao",201,1,0
1855,2026-200,2026-04-12T14:05:26Z,2026-04-12T10:05:26-04:00,2026-04-12,10:05:26,2026-04-12T09:05:26-05:00,2026-04-12,09:05:26,-12.44,-76.9,3.4,47,Superficial,II-III Chilca,OCEANO,"20 km al NO de Chilca, Cañete - Lima",0,200,09:05:26,1775970000000,1776002726000,3.4,2026-06-20T19:50:43Z,2026-200,OCEANO,1775970000000,1776002726000,09:05:26,II-III Chilca,-12.44,-76.9,3.4,3.4,-47,1855,47,Superficial,"20 km al NO de Chilca, Cañete - Lima",200,1,0
1854,2026-199,2026-04-12T13:04:26Z,2026-04-12T09:04:26-04:00,2026-04-12,09:04:26,2026-04-12T08:04:26-05:00,2026-04-12,08:04:26,-9.57,-79.06,4.0,31,Superficial,,OCEANO,"71 km al SO de Samanco, Santa - Áncash",0,199,08:04:26,1775970000000,1775999066000,4.0,2026-06-20T19:50:43Z,2026-199,OCEANO,1775970000000,1775999066000,08:04:26,,-9.57,-79.06,4.0,4.0,-31,1854,31,Superficial,"71 km al SO de Samanco, Santa - Áncash",199,0,0
1853,2026-198,2026-04-12T00:22:44Z,2026-04-11T20:22:44-04:00,2026-04-11,20:22:44,2026-04-11T19:22:44-05:00,2026-04-11,19:22:44,-2.89,-80.5,4.0,51,Superficial,,OCEANO,"72 km al N de Zarumilla, Zarumilla - Tumbes",0,198,19:22:44,1775883600000,1775953364000,4.0,2026-06-20T19:50:43Z,2026-198,OCEANO,1775883600000,1775953364000,19:22:44,,-2.89,-80.5,4.0,4.0,-51,1853,51,Superficial,"72 km al N de Zarumilla, Zarumilla - Tumbes",198,0,0
1852,2026-197,2026-04-11T13:44:09Z,2026-04-11T09:44:09-04:00,2026-04-11,09:44:09,2026-04-11T08:44:09-05:00,2026-04-11,08:44:09,-4.57,-80.8,5.0,26,Superficial,IV Lancones,PIURA,"29 km al O de Lancones, Sullana - Piura",0,197,08:44:09,1775883600000,1775915049000,5.0,2026-06-20T19:50:43Z,2026-197,PIURA,1775883600000,1775915049000,08:44:09,IV Lancones,-4.57,-80.8,5.0,5.0,-26,1852,26,Superficial,"29 km al O de Lancones, Sullana - Piura",197,1,0
1851,2026-196,2026-04-10T02:28:15Z,2026-04-09T22:28:15-04:00,2026-04-09,22:28:15,2026-04-09T21:28:15-05:00,2026-04-09,21:28:15,-12.69,-76.83,3.5,51,Superficial,II-III Chilca,OCEANO,"22 km al SO de Chilca, Cañete - Lima",0,196,21:28:15,1775710800000,1775788095000,3.5,2026-06-20T19:50:43Z,2026-196,OCEANO,1775710800000,1775788095000,21:28:15,II-III Chilca,-12.69,-76.83,3.5,3.5,-51,1851,51,Superficial,"22 km al SO de Chilca, Cañete - Lima",196,1,0
1850,2026-195,2026-04-09T23:57:47Z,2026-04-09T19:57:47-04:00,2026-04-09,19:57:47,2026-04-09T18:57:47-05:00,2026-04-09,18:57:47,-12.89,-76.73,4.9,56,Superficial,IV Mala,OCEANO,"28 km al S de Mala, Cañete - Lima",0,195,18:57:47,1775710800000,1775779067000,4.9,2026-06-20T19:50:43Z,2026-195,OCEANO,1775710800000,1775779067000,18:57:47,IV Mala,-12.89,-76.73,4.9,4.9,-56,1850,56,Superficial,"28 km al S de Mala, Cañete - Lima",195,1,0
1849,2026-194,2026-04-08T08:29:03Z,2026-04-08T04:29:03-04:00,2026-04-08,04:29:03,2026-04-08T03:29:03-05:00,2026-04-08,03:29:03,-14.54,-73.89,3.8,24,Superficial,II-III Puquio,AYACUCHO,"30 km al NE de Puquio, Lucanas - Ayacucho",0,194,03:29:03,1775624400000,1775636943000,3.8,2026-06-20T19:50:43Z,2026-194,AYACUCHO,1775624400000,1775636943000,03:29:03,II-III Puquio,-14.54,-73.89,3.8,3.8,-24,1849,24,Superficial,"30 km al NE de Puquio, Lucanas - Ayacucho",194,1,0
1848,2026-193,2026-04-08T07:55:07Z,2026-04-08T03:55:07-04:00,2026-04-08,03:55:07,2026-04-08T02:55:07-05:00,2026-04-08,02:55:07,-7.32,-80.0,4.0,41,Superficial,,OCEANO,"54 km al S de Pimentel, Chiclayo - Lambayeque",0,193,02:55:07,1775624400000,1775634907000,4.0,2026-06-20T19:50:43Z,2026-193,OCEANO,1775624400000,1775634907000,02:55:07,,-7.32,-80.0,4.0,4.0,-41,1848,41,Superficial,"54 km al S de Pimentel, Chiclayo - Lambayeque",193,0,0
1847,2026-192,2026-04-06T16:01:17Z,2026-04-06T12:01:17-04:00,2026-04-06,12:01:17,2026-04-06T11:01:17-05:00,2026-04-06,11:01:17,-9.8,-75.49,3.8,48,Superficial,II-III Codo del Pozuzo,HUÁNUCO,"15 km al S de Codo del Pozuzo, Puerto Inca - Huánuco",0,192,11:01:17,1775451600000,1775491277000,3.8,2026-06-20T19:50:43Z,2026-192,HUÁNUCO,1775451600000,1775491277000,11:01:17,II-III Codo del Pozuzo,-9.8,-75.49,3.8,3.8,-48,1847,48,Superficial,"15 km al S de Codo del Pozuzo, Puerto Inca - Huánuco",192,1,0
1846,2026-191,2026-04-05T23:47:22Z,2026-04-05T19:47:22-04:00,2026-04-05,19:47:22,2026-04-05T18:47:22-05:00,2026-04-05,18:47:22,-11.17,-76.49,3.6,22,Superficial,II-III Canta,JUNÍN,"36 km al NE de Canta, Canta - Lima",0,191,18:47:22,1775365200000,1775432842000,3.6,2026-06-20T19:50:43Z,2026-191,JUNÍN,1775365200000,1775432842000,18:47:22,II-III Canta,-11.17,-76.49,3.6,3.6,-22,1846,22,Superficial,"36 km al NE de Canta, Canta - Lima",191,1,0
1845,2026-190,2026-04-04T14:39:40Z,2026-04-04T10:39:40-04:00,2026-04-04,10:39:40,2026-04-04T09:39:40-05:00,2026-04-04,09:39:40,-15.76,-74.32,3.6,80,Intermedio,II-III Chala,AREQUIPA,"14 km al NO de Chala, Caravelí - Arequipa",0,190,09:39:40,1775278800000,1775313580000,3.6,2026-06-20T19:50:43Z,2026-190,AREQUIPA,1775278800000,1775313580000,09:39:40,II-III Chala,-15.76,-74.32,3.6,3.6,-80,1845,80,Intermedio,"14 km al NO de Chala, Caravelí - Arequipa",190,1,0
1844,2026-189,2026-04-04T12:23:27Z,2026-04-04T08:23:27-04:00,2026-04-04,08:23:27,2026-04-04T07:23:27-05:00,2026-04-04,07:23:27,-2.31,-80.33,4.5,33,Superficial,III Zarumilla,ECUADOR,"132 km al N de Zarumilla, Zarumilla - Tumbes",0,189,07:23:27,1775278800000,1775305407000,4.5,2026-06-20T19:50:43Z,2026-189,ECUADOR,1775278800000,1775305407000,07:23:27,III Zarumilla,-2.31,-80.33,4.5,4.5,-33,1844,33,Superficial,"132 km al N de Zarumilla, Zarumilla - Tumbes",189,1,0
1843,2026-188,2026-04-04T09:22:35Z,2026-04-04T05:22:35-04:00,2026-04-04,05:22:35,2026-04-04T04:22:35-05:00,2026-04-04,04:22:35,-19.04,-70.36,4.5,48,Superficial,III Tacna,OCEANO,"115 km al S de Tacna, Tacna - Tacna",0,188,04:22:35,1775278800000,1775294555000,4.5,2026-06-20T19:50:43Z,2026-188,OCEANO,1775278800000,1775294555000,04:22:35,III Tacna,-19.04,-70.36,4.5,4.5,-48,1843,48,Superficial,"115 km al S de Tacna, Tacna - Tacna",188,1,0
1842,2026-187,2026-04-04T05:18:39Z,2026-04-04T01:18:39-04:00,2026-04-04,01:18:39,2026-04-04T00:18:39-05:00,2026-04-04,00:18:39,-3.43,-80.78,3.7,30,Superficial,II Zorritos,OCEANO,"30 km al NO de Zorritos, Contralmirante Villar - Tumbes",0,187,00:18:39,1775278800000,1775279919000,3.7,2026-06-20T19:50:43Z,2026-187,OCEANO,1775278800000,1775279919000,00:18:39,II Zorritos,-3.43,-80.78,3.7,3.7,-30,1842,30,Superficial,"30 km al NO de Zorritos, Contralmirante Villar - Tumbes",187,1,0
1841,2026-186,2026-04-03T20:01:08Z,2026-04-03T16:01:08-04:00,2026-04-03,16:01:08,2026-04-03T15:01:08-05:00,2026-04-03,15:01:08,-12.01,-77.13,3.8,70,Intermedio,III Callao,"4 KM AL N DE CALLAO, PROVINCIA CONSTITUCIONAL DEL CALLAO","4 km al N de Callao, Provincia Constitucional del Callao",0,186,15:01:08,1775192400000,1775246468000,3.8,2026-06-20T19:50:43Z,2026-186,"4 KM AL N DE CALLAO, PROVINCIA CONSTITUCIONAL DEL CALLAO",1775192400000,1775246468000,15:01:08,III Callao,-12.01,-77.13,3.8,3.8,-70,1841,70,Intermedio,"4 km al N de Callao, Provincia Constitucional del Callao",186,1,0
1840,2026-185,2026-04-03T17:25:55Z,2026-04-03T13:25:55-04:00,2026-04-03,13:25:55,2026-04-03T12:25:55-05:00,2026-04-03,12:25:55,-12.73,-76.81,3.4,48,Superficial,II-III Mala,OCEANO,"21 km al SO de Mala, Cañete - Lima",0,185,12:25:55,1775192400000,1775237155000,3.4,2026-06-20T19:50:43Z,2026-185,OCEANO,1775192400000,1775237155000,12:25:55,II-III Mala,-12.73,-76.81,3.4,3.4,-48,1840,48,Superficial,"21 km al SO de Mala, Cañete - Lima",185,1,0
1839,2026-184,2026-04-02T10:44:15Z,2026-04-02T06:44:15-04:00,2026-04-02,06:44:15,2026-04-02T05:44:15-05:00,2026-04-02,05:44:15,-8.34,-74.47,4.5,172,Intermedio,II Pucallpa,UCAYALI,"8 km al NE de Pucallpa, Coronel Portillo - Ucayali",0,184,05:44:15,1775106000000,1775126655000,4.5,2026-06-20T19:50:43Z,2026-184,UCAYALI,1775106000000,1775126655000,05:44:15,II Pucallpa,-8.34,-74.47,4.5,4.5,-172,1839,172,Intermedio,"8 km al NE de Pucallpa, Coronel Portillo - Ucayali",184,1,0
1838,2026-183,2026-04-02T08:30:57Z,2026-04-02T04:30:57-04:00,2026-04-02,04:30:57,2026-04-02T03:30:57-05:00,2026-04-02,03:30:57,-4.16,-80.37,4.3,48,Superficial,II-III Lancones,PIURA,"57 km al N de Lancones, Sullana - Piura",0,183,03:30:57,1775106000000,1775118657000,4.3,2026-06-20T19:50:43Z,2026-183,PIURA,1775106000000,1775118657000,03:30:57,II-III Lancones,-4.16,-80.37,4.3,4.3,-48,1838,48,Superficial,"57 km al N de Lancones, Sullana - Piura",183,1,0
1837,2026-182,2026-04-01T14:29:14Z,2026-04-01T10:29:14-04:00,2026-04-01,10:29:14,2026-04-01T09:29:14-05:00,2026-04-01,09:29:14,-14.52,-71.06,3.5,12,Superficial,II-III Langui,CUSCO,"25 km al E de Langui, Canas - Cusco",0,182,09:29:14,1775019600000,1775053754000,3.5,2026-06-20T19:50:43Z,2026-182,CUSCO,1775019600000,1775053754000,09:29:14,II-III Langui,-14.52,-71.06,3.5,3.5,-12,1837,12,Superficial,"25 km al E de Langui, Canas - Cusco",182,1,0
1836,2026-181,2026-04-01T12:09:16Z,2026-04-01T08:09:16-04:00,2026-04-01,08:09:16,2026-04-01T07:09:16-05:00,2026-04-01,07:09:16,-11.76,-78.04,4.1,57,Superficial,II-III Huacho,OCEANO,"87 km al SO de Huacho, Huaura - Lima",0,181,07:09:16,1775019600000,1775045356000,4.1,2026-06-20T19:50:43Z,2026-181,OCEANO,1775019600000,1775045356000,07:09:16,II-III Huacho,-11.76,-78.04,4.1,4.1,-57,1836,57,Superficial,"87 km al SO de Huacho, Huaura - Lima",181,1,0
1835,2026-180,2026-04-01T11:20:26Z,2026-04-01T07:20:26-04:00,2026-04-01,07:20:26,2026-04-01T06:20:26-05:00,2026-04-01,06:20:26,-7.08,-76.28,5.9,133,Intermedio,III-IV Picota,SAN MARTÍN,"19 km al S de Picota, Picota - San Martín",0,180,06:20:26,1775019600000,1775042426000,5.9,2026-06-20T19:50:43Z,2026-180,SAN MARTÍN,1775019600000,1775042426000,06:20:26,III-IV Picota,-7.08,-76.28,5.9,5.9,-133,1835,133,Intermedio,"19 km al S de Picota, Picota - San Martín",180,1,0
1834,2026-179,2026-04-01T00:48:15Z,2026-03-31T20:48:15-04:00,2026-03-31,20:48:15,2026-03-31T19:48:15-05:00,2026-03-31,19:48:15,-11.12,-78.0,4.0,43,Superficial,II-III Huacho,OCEANO,"43 km al O de Huacho, Huaura - Lima",0,179,19:48:15,1774933200000,1775004495000,4.0,2026-06-20T19:50:43Z,2026-179,OCEANO,1774933200000,1775004495000,19:48:15,II-III Huacho,-11.12,-78.0,4.0,4.0,-43,1834,43,Superficial,"43 km al O de Huacho, Huaura - Lima",179,1,0
1833,2026-178,2026-03-31T23:30:24Z,2026-03-31T19:30:24-04:00,2026-03-31,19:30:24,2026-03-31T18:30:24-05:00,2026-03-31,18:30:24,-5.48,-81.19,4.2,31,Superficial,III Sechura,OCEANO,"41 km al O de Sechura, Sechura - Piura",0,178,18:30:24,1774933200000,1774999824000,4.2,2026-06-20T19:50:43Z,2026-178,OCEANO,1774933200000,1774999824000,18:30:24,III Sechura,-5.48,-81.19,4.2,4.2,-31,1833,31,Superficial,"41 km al O de Sechura, Sechura - Piura",178,1,0
1832,2026-177,2026-03-31T04:39:03Z,2026-03-31T00:39:03-04:00,2026-03-31,00:39:03,2026-03-30T23:39:03-05:00,2026-03-30,23:39:03,-8.75,-75.25,4.3,131,Intermedio,III Curimaná,UCAYALI,"34 km al S de Curimaná, Padre Abad - Ucayali",0,177,23:39:03,1774846800000,1774931943000,4.3,2026-06-20T19:50:43Z,2026-177,UCAYALI,1774846800000,1774931943000,23:39:03,III Curimaná,-8.75,-75.25,4.3,4.3,-131,1832,131,Intermedio,"34 km al S de Curimaná, Padre Abad - Ucayali",177,1,0
1831,2026-176,2026-03-31T00:20:37Z,2026-03-30T20:20:37-04:00,2026-03-30,20:20:37,2026-03-30T19:20:37-05:00,2026-03-30,19:20:37,-7.15,-76.07,3.6,29,Superficial,II-III Picota,SAN MARTÍN,"38 km al SE de Picota, Picota - San Martín",0,176,19:20:37,1774846800000,1774916437000,3.6,2026-06-20T19:50:43Z,2026-176,SAN MARTÍN,1774846800000,1774916437000,19:20:37,II-III Picota,-7.15,-76.07,3.6,3.6,-29,1831,29,Superficial,"38 km al SE de Picota, Picota - San Martín",176,1,0
1830,2026-175,2026-03-29T17:49:32Z,2026-03-29T13:49:32-04:00,2026-03-29,13:49:32,2026-03-29T12:49:32-05:00,2026-03-29,12:49:32,-12.61,-76.98,3.4,42,Superficial,II Chilca,OCEANO,"28 km al O de Chilca, Cañete - Lima",0,175,12:49:32,1774760400000,1774806572000,3.4,2026-06-20T19:50:43Z,2026-175,OCEANO,1774760400000,1774806572000,12:49:32,II Chilca,-12.61,-76.98,3.4,3.4,-42,1830,42,Superficial,"28 km al O de Chilca, Cañete - Lima",175,1,0
1829,2026-174,2026-03-29T04:05:11Z,2026-03-29T00:05:11-04:00,2026-03-29,00:05:11,2026-03-28T23:05:11-05:00,2026-03-28,23:05:11,-9.47,-75.95,4.2,130,Intermedio,II Tingo María,HUÁNUCO,"21 km al S de Tingo María, Leoncio Prado - Huánuco",0,174,23:05:11,1774674000000,1774757111000,4.2,2026-06-20T19:50:43Z,2026-174,HUÁNUCO,1774674000000,1774757111000,23:05:11,II Tingo María,-9.47,-75.95,4.2,4.2,-130,1829,130,Intermedio,"21 km al S de Tingo María, Leoncio Prado - Huánuco",174,1,0
1828,2026-173,2026-03-28T13:18:49Z,2026-03-28T09:18:49-04:00,2026-03-28,09:18:49,2026-03-28T08:18:49-05:00,2026-03-28,08:18:49,-17.01,-72.81,4.0,32,Superficial,,OCEANO,"44 km al S de Camaná, Camaná - Arequipa",0,173,08:18:49,1774674000000,1774703929000,4.0,2026-06-20T19:50:43Z,2026-173,OCEANO,1774674000000,1774703929000,08:18:49,,-17.01,-72.81,4.0,4.0,-32,1828,32,Superficial,"44 km al S de Camaná, Camaná - Arequipa",173,0,0
1827,2026-172,2026-03-28T07:30:44Z,2026-03-28T03:30:44-04:00,2026-03-28,03:30:44,2026-03-28T02:30:44-05:00,2026-03-28,02:30:44,-5.56,-78.93,4.0,22,Superficial,II-III Jaén,CAJAMARCA,"21 km al NO de Jaén, Jaén - Cajamarca",0,172,02:30:44,1774674000000,1774683044000,4.0,2026-06-20T19:50:43Z,2026-172,CAJAMARCA,1774674000000,1774683044000,02:30:44,II-III Jaén,-5.56,-78.93,4.0,4.0,-22,1827,22,Superficial,"21 km al NO de Jaén, Jaén - Cajamarca",172,1,0
1826,2026-171,2026-03-27T18:55:04Z,2026-03-27T14:55:04-04:00,2026-03-27,14:55:04,2026-03-27T13:55:04-05:00,2026-03-27,13:55:04,-17.73,-69.74,4.2,156,Intermedio,,TACNA,"42 km al SE de Tarata, Tarata - Tacna",0,171,13:55:04,1774587600000,1774637704000,4.2,2026-06-20T19:50:43Z,2026-171,TACNA,1774587600000,1774637704000,13:55:04,,-17.73,-69.74,4.2,4.2,-156,1826,156,Intermedio,"42 km al SE de Tarata, Tarata - Tacna",171,0,0
1825,2026-170,2026-03-27T15:41:36Z,2026-03-27T11:41:36-04:00,2026-03-27,11:41:36,2026-03-27T10:41:36-05:00,2026-03-27,10:41:36,-16.46,-73.83,4.0,32,Superficial,,OCEANO,"36 km al SO de Atico, Caravelí - Arequipa",0,170,10:41:36,1774587600000,1774626096000,4.0,2026-06-20T19:50:43Z,2026-170,OCEANO,1774587600000,1774626096000,10:41:36,,-16.46,-73.83,4.0,4.0,-32,1825,32,Superficial,"36 km al SO de Atico, Caravelí - Arequipa",170,0,0
1824,2026-169,2026-03-26T05:40:50Z,2026-03-26T01:40:50-04:00,2026-03-26,01:40:50,2026-03-26T00:40:50-05:00,2026-03-26,00:40:50,-3.92,-76.65,4.2,102,Intermedio,,LORETO,"55 km al SO de Andoas, Datem del Marañón - Loreto",0,169,00:40:50,1774501200000,1774503650000,4.2,2026-06-20T19:50:43Z,2026-169,LORETO,1774501200000,1774503650000,00:40:50,,-3.92,-76.65,4.2,4.2,-102,1824,102,Intermedio,"55 km al SO de Andoas, Datem del Marañón - Loreto",169,0,0
1823,2026-168,2026-03-26T05:32:54Z,2026-03-26T01:32:54-04:00,2026-03-26,01:32:54,2026-03-26T00:32:54-05:00,2026-03-26,00:32:54,-11.64,-77.75,3.7,58,Superficial,II-III Huacho,OCEANO,"61 km al S de Huacho, Huaura - Lima",0,168,00:32:54,1774501200000,1774503174000,3.7,2026-06-20T19:50:43Z,2026-168,OCEANO,1774501200000,1774503174000,00:32:54,II-III Huacho,-11.64,-77.75,3.7,3.7,-58,1823,58,Superficial,"61 km al S de Huacho, Huaura - Lima",168,1,0
1822,2026-167,2026-03-25T02:21:08Z,2026-03-24T22:21:08-04:00,2026-03-24,22:21:08,2026-03-24T21:21:08-05:00,2026-03-24,21:21:08,-12.16,-77.25,3.5,60,Superficial,II-III Callao,OCEANO,"19 km al SO de Callao, Provincia Constitucional del Callao",0,167,21:21:08,1774328400000,1774405268000,3.5,2026-06-20T19:50:43Z,2026-167,OCEANO,1774328400000,1774405268000,21:21:08,II-III Callao,-12.16,-77.25,3.5,3.5,-60,1822,60,Superficial,"19 km al SO de Callao, Provincia Constitucional del Callao",167,1,0
1821,2026-166,2026-03-24T16:16:26Z,2026-03-24T12:16:26-04:00,2026-03-24,12:16:26,2026-03-24T11:16:26-05:00,2026-03-24,11:16:26,-14.58,-76.25,4.7,36,Superficial,III Ica,OCEANO,"80 km al SO de Ica, Ica - Ica",0,166,11:16:26,1774328400000,1774368986000,4.7,2026-06-20T19:50:43Z,2026-166,OCEANO,1774328400000,1774368986000,11:16:26,III Ica,-14.58,-76.25,4.7,4.7,-36,1821,36,Superficial,"80 km al SO de Ica, Ica - Ica",166,1,0
1820,2026-165,2026-03-24T15:36:44Z,2026-03-24T11:36:44-04:00,2026-03-24,11:36:44,2026-03-24T10:36:44-05:00,2026-03-24,10:36:44,-14.96,-72.54,4.2,103,Intermedio,,AREQUIPA,"47 km al NE de Cotahuasi, La Unión - Arequipa",0,165,10:36:44,1774328400000,1774366604000,4.2,2026-06-20T19:50:43Z,2026-165,AREQUIPA,1774328400000,1774366604000,10:36:44,,-14.96,-72.54,4.2,4.2,-103,1820,103,Intermedio,"47 km al NE de Cotahuasi, La Unión - Arequipa",165,0,0
1819,2026-164,2026-03-24T11:39:23Z,2026-03-24T07:39:23-04:00,2026-03-24,07:39:23,2026-03-24T06:39:23-05:00,2026-03-24,06:39:23,-7.62,-80.3,4.7,39,Superficial,II-III San Pedro de Lloc,OCEANO,"90 km al O de San Pedro de Lloc, Pacasmayo - La Libertad",0,164,06:39:23,1774328400000,1774352363000,4.7,2026-06-20T19:50:43Z,2026-164,OCEANO,1774328400000,1774352363000,06:39:23,II-III San Pedro de Lloc,-7.62,-80.3,4.7,4.7,-39,1819,39,Superficial,"90 km al O de San Pedro de Lloc, Pacasmayo - La Libertad",164,1,0
1818,2026-163,2026-03-23T17:46:03Z,2026-03-23T13:46:03-04:00,2026-03-23,13:46:03,2026-03-23T12:46:03-05:00,2026-03-23,12:46:03,-3.17,-80.15,4.3,55,Superficial,III Zarumilla,OCEANO,"39 km al N de Zarumilla, Zarumilla - Tumbes",0,163,12:46:03,1774242000000,1774287963000,4.3,2026-06-20T19:50:43Z,2026-163,OCEANO,1774242000000,1774287963000,12:46:03,III Zarumilla,-3.17,-80.15,4.3,4.3,-55,1818,55,Superficial,"39 km al N de Zarumilla, Zarumilla - Tumbes",163,1,0
1817,2026-162,2026-03-23T07:33:25Z,2026-03-23T03:33:25-04:00,2026-03-23,03:33:25,2026-03-23T02:33:25-05:00,2026-03-23,02:33:25,-14.19,-73.1,4.0,115,Intermedio,II Chalhuanca,APURÍMAC,"19 km al NE de Chalhuanca, Aymaraes - Apurímac",0,162,02:33:25,1774242000000,1774251205000,4.0,2026-06-20T19:50:43Z,2026-162,APURÍMAC,1774242000000,1774251205000,02:33:25,II Chalhuanca,-14.19,-73.1,4.0,4.0,-115,1817,115,Intermedio,"19 km al NE de Chalhuanca, Aymaraes - Apurímac",162,1,0
1816,2026-161,2026-03-23T07:18:43Z,2026-03-23T03:18:43-04:00,2026-03-23,03:18:43,2026-03-23T02:18:43-05:00,2026-03-23,02:18:43,-3.9,-80.83,4.8,88,Intermedio,II-III Zorritos,TUMBES,"32 km al SO de Zorritos, Contralmirante Villar - Tumbes",0,161,02:18:43,1774242000000,1774250323000,4.8,2026-06-20T19:50:43Z,2026-161,TUMBES,1774242000000,1774250323000,02:18:43,II-III Zorritos,-3.9,-80.83,4.8,4.8,-88,1816,88,Intermedio,"32 km al SO de Zorritos, Contralmirante Villar - Tumbes",161,1,0
1815,2026-160,2026-03-22T11:36:49Z,2026-03-22T07:36:49-04:00,2026-03-22,07:36:49,2026-03-22T06:36:49-05:00,2026-03-22,06:36:49,-13.62,-76.29,3.5,52,Superficial,II-III Pisco,OCEANO,"13 km al NO de Pisco, Pisco - Ica",0,160,06:36:49,1774155600000,1774179409000,3.5,2026-06-20T19:50:43Z,2026-160,OCEANO,1774155600000,1774179409000,06:36:49,II-III Pisco,-13.62,-76.29,3.5,3.5,-52,1815,52,Superficial,"13 km al NO de Pisco, Pisco - Ica",160,1,0
1814,2026-159,2026-03-22T11:03:20Z,2026-03-22T07:03:20-04:00,2026-03-22,07:03:20,2026-03-22T06:03:20-05:00,2026-03-22,06:03:20,-12.68,-76.9,3.5,43,Superficial,II-III Chilca,OCEANO,"25 km al SO de Chilca, Cañete - Lima",0,159,06:03:20,1774155600000,1774177400000,3.5,2026-06-20T19:50:43Z,2026-159,OCEANO,1774155600000,1774177400000,06:03:20,II-III Chilca,-12.68,-76.9,3.5,3.5,-43,1814,43,Superficial,"25 km al SO de Chilca, Cañete - Lima",159,1,0
1813,2026-158,2026-03-22T08:02:54Z,2026-03-22T04:02:54-04:00,2026-03-22,04:02:54,2026-03-22T03:02:54-05:00,2026-03-22,03:02:54,-17.86,-69.69,4.4,137,Intermedio,III Calana,TACNA,"53 km al E de Calana, Tacna - Tacna",0,158,03:02:54,1774155600000,1774166574000,4.4,2026-06-20T19:50:43Z,2026-158,TACNA,1774155600000,1774166574000,03:02:54,III Calana,-17.86,-69.69,4.4,4.4,-137,1813,137,Intermedio,"53 km al E de Calana, Tacna - Tacna",158,1,0
1812,2026-157,2026-03-21T01:11:55Z,2026-03-20T21:11:55-04:00,2026-03-20,21:11:55,2026-03-20T20:11:55-05:00,2026-03-20,20:11:55,-12.59,-76.75,3.5,45,Superficial,II-III Chilca,OCEANO,"8 km al S de Chilca, Cañete - Lima",0,157,20:11:55,1773982800000,1774055515000,3.5,2026-06-20T19:50:43Z,2026-157,OCEANO,1773982800000,1774055515000,20:11:55,II-III Chilca,-12.59,-76.75,3.5,3.5,-45,1812,45,Superficial,"8 km al S de Chilca, Cañete - Lima",157,1,0
1811,2026-156,2026-03-20T23:04:12Z,2026-03-20T19:04:12-04:00,2026-03-20,19:04:12,2026-03-20T18:04:12-05:00,2026-03-20,18:04:12,-18.45,-71.0,3.8,23,Superficial,II Tacna,OCEANO,"93 km al SO de Tacna, Tacna - Tacna",0,156,18:04:12,1773982800000,1774047852000,3.8,2026-06-20T19:50:43Z,2026-156,OCEANO,1773982800000,1774047852000,18:04:12,II Tacna,-18.45,-71.0,3.8,3.8,-23,1811,23,Superficial,"93 km al SO de Tacna, Tacna - Tacna",156,1,0
1810,2026-155,2026-03-20T20:06:52Z,2026-03-20T16:06:52-04:00,2026-03-20,16:06:52,2026-03-20T15:06:52-05:00,2026-03-20,15:06:52,-19.92,-71.02,4.8,21,Superficial,III Tacna,OCEANO,"227 km al S de Tacna, Tacna - Tacna",0,155,15:06:52,1773982800000,1774037212000,4.8,2026-06-20T19:50:43Z,2026-155,OCEANO,1773982800000,1774037212000,15:06:52,III Tacna,-19.92,-71.02,4.8,4.8,-21,1810,21,Superficial,"227 km al S de Tacna, Tacna - Tacna",155,1,0
1809,2026-154,2026-03-20T16:59:56Z,2026-03-20T12:59:56-04:00,2026-03-20,12:59:56,2026-03-20T11:59:56-05:00,2026-03-20,11:59:56,-9.63,-75.51,3.8,125,Intermedio,II Codo del Pozuzo,HUÁNUCO,"8 km al NO de Codo del Pozuzo, Puerto Inca - Huánuco",0,154,11:59:56,1773982800000,1774025996000,3.8,2026-06-20T19:50:43Z,2026-154,HUÁNUCO,1773982800000,1774025996000,11:59:56,II Codo del Pozuzo,-9.63,-75.51,3.8,3.8,-125,1809,125,Intermedio,"8 km al NO de Codo del Pozuzo, Puerto Inca - Huánuco",154,1,0
1808,2026-153,2026-03-20T05:30:08Z,2026-03-20T01:30:08-04:00,2026-03-20,01:30:08,2026-03-20T00:30:08-05:00,2026-03-20,00:30:08,-15.8,-75.57,4.9,27,Superficial,III Marcona,OCEANO,"65 km al SO de Marcona, Nasca - Ica",0,153,00:30:08,1773982800000,1773984608000,4.9,2026-06-20T19:50:43Z,2026-153,OCEANO,1773982800000,1773984608000,00:30:08,III Marcona,-15.8,-75.57,4.9,4.9,-27,1808,27,Superficial,"65 km al SO de Marcona, Nasca - Ica",153,1,0
1807,2026-152,2026-03-20T04:00:37Z,2026-03-20T00:00:37-04:00,2026-03-20,00:00:37,2026-03-19T23:00:37-05:00,2026-03-19,23:00:37,-12.01,-76.96,3.7,84,Intermedio,II-III Lima,LIMA,"9 km al NE de Lima, Lima - Lima",0,152,23:00:37,1773896400000,1773979237000,3.7,2026-06-20T19:50:43Z,2026-152,LIMA,1773896400000,1773979237000,23:00:37,II-III Lima,-12.01,-76.96,3.7,3.7,-84,1807,84,Intermedio,"9 km al NE de Lima, Lima - Lima",152,1,0
1806,2026-151,2026-03-20T02:49:29Z,2026-03-19T22:49:29-04:00,2026-03-19,22:49:29,2026-03-19T21:49:29-05:00,2026-03-19,21:49:29,-9.62,-75.71,3.7,12,Superficial,II-III Codo del Pozuzo,HUÁNUCO,"29 km al O de Codo del Pozuzo, Puerto Inca - Huánuco",0,151,21:49:29,1773896400000,1773974969000,3.7,2026-06-20T19:50:43Z,2026-151,HUÁNUCO,1773896400000,1773974969000,21:49:29,II-III Codo del Pozuzo,-9.62,-75.71,3.7,3.7,-12,1806,12,Superficial,"29 km al O de Codo del Pozuzo, Puerto Inca - Huánuco",151,1,0
1805,2026-150,2026-03-19T08:27:47Z,2026-03-19T04:27:47-04:00,2026-03-19,04:27:47,2026-03-19T03:27:47-05:00,2026-03-19,03:27:47,-12.65,-76.85,3.5,46,Superficial,III Chilca,OCEANO,"19 km al SO de Chilca, Cañete - Lima",0,150,03:27:47,1773896400000,1773908867000,3.5,2026-06-20T19:50:43Z,2026-150,OCEANO,1773896400000,1773908867000,03:27:47,III Chilca,-12.65,-76.85,3.5,3.5,-46,1805,46,Superficial,"19 km al SO de Chilca, Cañete - Lima",150,1,0
1804,2026-149,2026-03-18T18:04:38Z,2026-03-18T14:04:38-04:00,2026-03-18,14:04:38,2026-03-18T13:04:38-05:00,2026-03-18,13:04:38,-12.63,-76.82,3.6,46,Superficial,III Chilca,OCEANO,"15 km al SO de Chilca, Cañete - Lima",0,149,13:04:38,1773810000000,1773857078000,3.6,2026-06-20T19:50:43Z,2026-149,OCEANO,1773810000000,1773857078000,13:04:38,III Chilca,-12.63,-76.82,3.6,3.6,-46,1804,46,Superficial,"15 km al SO de Chilca, Cañete - Lima",149,1,0
1803,2026-148,2026-03-18T12:20:06Z,2026-03-18T08:20:06-04:00,2026-03-18,08:20:06,2026-03-18T07:20:06-05:00,2026-03-18,07:20:06,-12.63,-76.82,3.7,46,Superficial,II-III Chilca,OCEANO,"15 km al SO de Chilca, Cañete - Lima",0,148,07:20:06,1773810000000,1773836406000,3.7,2026-06-20T19:50:43Z,2026-148,OCEANO,1773810000000,1773836406000,07:20:06,II-III Chilca,-12.63,-76.82,3.7,3.7,-46,1803,46,Superficial,"15 km al SO de Chilca, Cañete - Lima",148,1,0
1802,2026-147,2026-03-18T00:21:33Z,2026-03-17T20:21:33-04:00,2026-03-17,20:21:33,2026-03-17T19:21:33-05:00,2026-03-17,19:21:33,-14.31,-75.79,4.0,59,Superficial,,ICA,"28 km al S de Ica, Ica - Ica",0,147,19:21:33,1773723600000,1773793293000,4.0,2026-06-20T19:50:43Z,2026-147,ICA,1773723600000,1773793293000,19:21:33,,-14.31,-75.79,4.0,4.0,-59,1802,59,Superficial,"28 km al S de Ica, Ica - Ica",147,0,0
1801,2026-146,2026-03-17T12:03:12Z,2026-03-17T08:03:12-04:00,2026-03-17,08:03:12,2026-03-17T07:03:12-05:00,2026-03-17,07:03:12,-12.65,-76.83,3.7,48,Superficial,III Chilca,OCEANO,"18 km al SO de Chilca, Cañete - Lima",0,146,07:03:12,1773723600000,1773748992000,3.7,2026-06-20T19:50:43Z,2026-146,OCEANO,1773723600000,1773748992000,07:03:12,III Chilca,-12.65,-76.83,3.7,3.7,-48,1801,48,Superficial,"18 km al SO de Chilca, Cañete - Lima",146,1,0
1800,2026-145,2026-03-16T23:43:34Z,2026-03-16T19:43:34-04:00,2026-03-16,19:43:34,2026-03-16T18:43:34-05:00,2026-03-16,18:43:34,-5.55,-78.91,3.5,23,Superficial,II-III Jaén,CAJAMARCA,"21 km al NO de Jaén, Jaén - Cajamarca",0,145,18:43:34,1773637200000,1773704614000,3.5,2026-06-20T19:50:43Z,2026-145,CAJAMARCA,1773637200000,1773704614000,18:43:34,II-III Jaén,-5.55,-78.91,3.5,3.5,-23,1800,23,Superficial,"21 km al NO de Jaén, Jaén - Cajamarca",145,1,0
1799,2026-144,2026-03-16T19:25:30Z,2026-03-16T15:25:30-04:00,2026-03-16,15:25:30,2026-03-16T14:25:30-05:00,2026-03-16,14:25:30,-4.35,-76.99,4.0,118,Intermedio,,LORETO,"56 km al NO de Pastaza, Datem del Marañón - Loreto",0,144,14:25:30,1773637200000,1773689130000,4.0,2026-06-20T19:50:43Z,2026-144,LORETO,1773637200000,1773689130000,14:25:30,,-4.35,-76.99,4.0,4.0,-118,1799,118,Intermedio,"56 km al NO de Pastaza, Datem del Marañón - Loreto",144,0,0
1798,2026-143,2026-03-16T16:49:49Z,2026-03-16T12:49:49-04:00,2026-03-16,12:49:49,2026-03-16T11:49:49-05:00,2026-03-16,11:49:49,-8.57,-74.75,3.8,41,Superficial,III Pucallpa,UCAYALI,"32 km al SO de Pucallpa, Coronel Portillo - Ucayali",0,143,11:49:49,1773637200000,1773679789000,3.8,2026-06-20T19:50:43Z,2026-143,UCAYALI,1773637200000,1773679789000,11:49:49,III Pucallpa,-8.57,-74.75,3.8,3.8,-41,1798,41,Superficial,"32 km al SO de Pucallpa, Coronel Portillo - Ucayali",143,1,0
1797,2026-142,2026-03-16T11:36:26Z,2026-03-16T07:36:26-04:00,2026-03-16,07:36:26,2026-03-16T06:36:26-05:00,2026-03-16,06:36:26,-15.84,-74.23,4.0,78,Intermedio,,AREQUIPA,"3 km al NE de Chala, Caravelí - Arequipa",0,142,06:36:26,1773637200000,1773660986000,4.0,2026-06-20T19:50:43Z,2026-142,AREQUIPA,1773637200000,1773660986000,06:36:26,,-15.84,-74.23,4.0,4.0,-78,1797,78,Intermedio,"3 km al NE de Chala, Caravelí - Arequipa",142,0,0
1796,2026-141,2026-03-16T09:19:03Z,2026-03-16T05:19:03-04:00,2026-03-16,05:19:03,2026-03-16T04:19:03-05:00,2026-03-16,04:19:03,-10.41,-74.45,4.3,32,Superficial,III Puerto Bermúdez,PASCO,"55 km al E de Puerto Bermúdez, Oxapampa - Pasco",0,141,04:19:03,1773637200000,1773652743000,4.3,2026-06-20T19:50:43Z,2026-141,PASCO,1773637200000,1773652743000,04:19:03,III Puerto Bermúdez,-10.41,-74.45,4.3,4.3,-32,1796,32,Superficial,"55 km al E de Puerto Bermúdez, Oxapampa - Pasco",141,1,0
1795,2026-140,2026-03-13T14:22:30Z,2026-03-13T10:22:30-04:00,2026-03-13,10:22:30,2026-03-13T09:22:30-05:00,2026-03-13,09:22:30,-8.68,-74.79,4.1,120,Intermedio,,UCAYALI,"44 km al SO de Pucallpa, Coronel Portillo - Ucayali",0,140,09:22:30,1773378000000,1773411750000,4.1,2026-06-20T19:50:43Z,2026-140,UCAYALI,1773378000000,1773411750000,09:22:30,,-8.68,-74.79,4.1,4.1,-120,1795,120,Intermedio,"44 km al SO de Pucallpa, Coronel Portillo - Ucayali",140,0,0
1794,2026-139,2026-03-13T11:12:42Z,2026-03-13T07:12:42-04:00,2026-03-13,07:12:42,2026-03-13T06:12:42-05:00,2026-03-13,06:12:42,-8.73,-75.82,4.0,137,Intermedio,,HUÁNUCO,"40 km al NE de Aucayacu, Leoncio Prado - Huánuco",0,139,06:12:42,1773378000000,1773400362000,4.0,2026-06-20T19:50:43Z,2026-139,HUÁNUCO,1773378000000,1773400362000,06:12:42,,-8.73,-75.82,4.0,4.0,-137,1794,137,Intermedio,"40 km al NE de Aucayacu, Leoncio Prado - Huánuco",139,0,0
1793,2026-138,2026-03-12T04:41:05Z,2026-03-12T00:41:05-04:00,2026-03-12,00:41:05,2026-03-11T23:41:05-05:00,2026-03-11,23:41:05,-15.02,-71.5,4.9,166,Intermedio,III-IV Coporaque,CUSCO,"25 km al S de Coporaque, Espinar - Cusco",0,138,23:41:05,1773205200000,1773290465000,4.9,2026-06-20T19:50:43Z,2026-138,CUSCO,1773205200000,1773290465000,23:41:05,III-IV Coporaque,-15.02,-71.5,4.9,4.9,-166,1793,166,Intermedio,"25 km al S de Coporaque, Espinar - Cusco",138,1,0
1792,2026-137,2026-03-11T22:00:29Z,2026-03-11T18:00:29-04:00,2026-03-11,18:00:29,2026-03-11T17:00:29-05:00,2026-03-11,17:00:29,-12.69,-77.36,4.1,55,Superficial,II-III Chilca,OCEANO,"70 km al O de Chilca, Cañete - Lima",0,137,17:00:29,1773205200000,1773266429000,4.1,2026-06-20T19:50:43Z,2026-137,OCEANO,1773205200000,1773266429000,17:00:29,II-III Chilca,-12.69,-77.36,4.1,4.1,-55,1792,55,Superficial,"70 km al O de Chilca, Cañete - Lima",137,1,0
1791,2026-136,2026-03-11T16:12:10Z,2026-03-11T12:12:10-04:00,2026-03-11,12:12:10,2026-03-11T11:12:10-05:00,2026-03-11,11:12:10,-12.54,-76.7,3.5,39,Superficial,II Chilca,LIMA,"5 km al SE de Chilca, Cañete - Lima",0,136,11:12:10,1773205200000,1773245530000,3.5,2026-06-20T19:50:43Z,2026-136,LIMA,1773205200000,1773245530000,11:12:10,II Chilca,-12.54,-76.7,3.5,3.5,-39,1791,39,Superficial,"5 km al SE de Chilca, Cañete - Lima",136,1,0
1790,2026-135,2026-03-11T10:27:28Z,2026-03-11T06:27:28-04:00,2026-03-11,06:27:28,2026-03-11T05:27:28-05:00,2026-03-11,05:27:28,-4.49,-80.88,3.6,28,Superficial,II-III Lancones,PIURA,"40 km al NO de Lancones, Sullana - Piura",0,135,05:27:28,1773205200000,1773224848000,3.6,2026-06-20T19:50:43Z,2026-135,PIURA,1773205200000,1773224848000,05:27:28,II-III Lancones,-4.49,-80.88,3.6,3.6,-28,1790,28,Superficial,"40 km al NO de Lancones, Sullana - Piura",135,1,0
1789,2026-134,2026-03-11T00:38:42Z,2026-03-10T20:38:42-04:00,2026-03-10,20:38:42,2026-03-10T19:38:42-05:00,2026-03-10,19:38:42,-7.75,-74.8,4.3,146,Intermedio,,LORETO,"50 km al SE de Contamana, Ucayali - Loreto",0,134,19:38:42,1773118800000,1773189522000,4.3,2026-06-20T19:50:43Z,2026-134,LORETO,1773118800000,1773189522000,19:38:42,,-7.75,-74.8,4.3,4.3,-146,1789,146,Intermedio,"50 km al SE de Contamana, Ucayali - Loreto",134,0,0
1788,2026-133,2026-03-10T20:50:54Z,2026-03-10T16:50:54-04:00,2026-03-10,16:50:54,2026-03-10T15:50:54-05:00,2026-03-10,15:50:54,-5.53,-78.91,3.5,24,Superficial,II Jaén,CAJAMARCA,"23 km al NO de Jaén, Jaén - Cajamarca",0,133,15:50:54,1773118800000,1773175854000,3.5,2026-06-20T19:50:43Z,2026-133,CAJAMARCA,1773118800000,1773175854000,15:50:54,II Jaén,-5.53,-78.91,3.5,3.5,-24,1788,24,Superficial,"23 km al NO de Jaén, Jaén - Cajamarca",133,1,0
1787,2026-132,2026-03-09T15:41:39Z,2026-03-09T11:41:39-04:00,2026-03-09,11:41:39,2026-03-09T10:41:39-05:00,2026-03-09,10:41:39,-18.49,-69.87,4.3,120,Intermedio,II Tacna,TACNA,"67 km al SE de Tacna, Tacna - Tacna",0,132,10:41:39,1773032400000,1773070899000,4.3,2026-06-20T19:50:43Z,2026-132,TACNA,1773032400000,1773070899000,10:41:39,II Tacna,-18.49,-69.87,4.3,4.3,-120,1787,120,Intermedio,"67 km al SE de Tacna, Tacna - Tacna",132,1,0
1786,2026-131,2026-03-09T11:11:22Z,2026-03-09T07:11:22-04:00,2026-03-09,07:11:22,2026-03-09T06:11:22-05:00,2026-03-09,06:11:22,-6.22,-76.98,4.3,30,Superficial,III Moyobamba,SAN MARTÍN,"21 km al S de Moyobamba, Moyobamba - San Martín",0,131,06:11:22,1773032400000,1773054682000,4.3,2026-06-20T19:50:43Z,2026-131,SAN MARTÍN,1773032400000,1773054682000,06:11:22,III Moyobamba,-6.22,-76.98,4.3,4.3,-30,1786,30,Superficial,"21 km al S de Moyobamba, Moyobamba - San Martín",131,1,0
1785,2026-130,2026-03-08T22:04:17Z,2026-03-08T18:04:17-04:00,2026-03-08,18:04:17,2026-03-08T17:04:17-05:00,2026-03-08,17:04:17,-6.24,-77.02,4.0,15,Superficial,III Moyobamba,SAN MARTÍN,"24 km al S de Moyobamba, Moyobamba - San Martín",0,130,17:04:17,1772946000000,1773007457000,4.0,2026-06-20T19:50:43Z,2026-130,SAN MARTÍN,1772946000000,1773007457000,17:04:17,III Moyobamba,-6.24,-77.02,4.0,4.0,-15,1785,15,Superficial,"24 km al S de Moyobamba, Moyobamba - San Martín",130,1,0
1784,2026-129,2026-03-08T22:02:15Z,2026-03-08T18:02:15-04:00,2026-03-08,18:02:15,2026-03-08T17:02:15-05:00,2026-03-08,17:02:15,-6.28,-77.05,4.9,18,Superficial,III-IV Rioja,SAN MARTÍN,"27 km al SE de Rioja, Rioja - San Martín",0,129,17:02:15,1772946000000,1773007335000,4.9,2026-06-20T19:50:43Z,2026-129,SAN MARTÍN,1772946000000,1773007335000,17:02:15,III-IV Rioja,-6.28,-77.05,4.9,4.9,-18,1784,18,Superficial,"27 km al SE de Rioja, Rioja - San Martín",129,1,0
1783,2026-128,2026-03-08T19:11:41Z,2026-03-08T15:11:41-04:00,2026-03-08,15:11:41,2026-03-08T14:11:41-05:00,2026-03-08,14:11:41,-12.58,-77.18,3.8,32,Superficial,III Chilca,OCEANO,"48 km al O de Chilca, Cañete - Lima",0,128,14:11:41,1772946000000,1772997101000,3.8,2026-06-20T19:50:43Z,2026-128,OCEANO,1772946000000,1772997101000,14:11:41,III Chilca,-12.58,-77.18,3.8,3.8,-32,1783,32,Superficial,"48 km al O de Chilca, Cañete - Lima",128,1,0
1782,2026-127,2026-03-08T18:15:10Z,2026-03-08T14:15:10-04:00,2026-03-08,14:15:10,2026-03-08T13:15:10-05:00,2026-03-08,13:15:10,-13.51,-74.38,3.5,26,Superficial,II-III Chuschi,AYACUCHO,"9 km al N de Chuschi, Cangallo - Ayacucho",0,127,13:15:10,1772946000000,1772993710000,3.5,2026-06-20T19:50:43Z,2026-127,AYACUCHO,1772946000000,1772993710000,13:15:10,II-III Chuschi,-13.51,-74.38,3.5,3.5,-26,1782,26,Superficial,"9 km al N de Chuschi, Cangallo - Ayacucho",127,1,0
1781,2026-126,2026-03-08T11:55:11Z,2026-03-08T07:55:11-04:00,2026-03-08,07:55:11,2026-03-08T06:55:11-05:00,2026-03-08,06:55:11,-5.68,-80.94,3.8,29,Superficial,II Sechura,OCEANO,"19 km al SO de Sechura, Sechura - Piura",0,126,06:55:11,1772946000000,1772970911000,3.8,2026-06-20T19:50:43Z,2026-126,OCEANO,1772946000000,1772970911000,06:55:11,II Sechura,-5.68,-80.94,3.8,3.8,-29,1781,29,Superficial,"19 km al SO de Sechura, Sechura - Piura",126,1,0
1780,2026-125,2026-03-07T20:31:42Z,2026-03-07T15:31:42-05:00,2026-03-07,15:31:42,2026-03-07T15:31:42-05:00,2026-03-07,15:31:42,-5.56,-78.91,4.1,15,Superficial,III Jaén,CAJAMARCA,"20 km al NO de Jaén, Jaén - Cajamarca",0,125,15:31:42,1772859600000,1772915502000,4.1,2026-06-20T19:50:43Z,2026-125,CAJAMARCA,1772859600000,1772915502000,15:31:42,III Jaén,-5.56,-78.91,4.1,4.1,-15,1780,15,Superficial,"20 km al NO de Jaén, Jaén - Cajamarca",125,1,0
1779,2026-124,2026-03-07T18:15:33Z,2026-03-07T13:15:33-05:00,2026-03-07,13:15:33,2026-03-07T13:15:33-05:00,2026-03-07,13:15:33,-5.55,-78.93,4.9,29,Superficial,III-IV Jaén,CAJAMARCA,"22 km al NO de Jaén, Jaén - Cajamarca",0,124,13:15:33,1772859600000,1772907333000,4.9,2026-06-20T19:50:43Z,2026-124,CAJAMARCA,1772859600000,1772907333000,13:15:33,III-IV Jaén,-5.55,-78.93,4.9,4.9,-29,1779,29,Superficial,"22 km al NO de Jaén, Jaén - Cajamarca",124,1,0
1778,2026-123,2026-03-07T16:36:07Z,2026-03-07T11:36:07-05:00,2026-03-07,11:36:07,2026-03-07T11:36:07-05:00,2026-03-07,11:36:07,-5.55,-78.93,4.8,27,Superficial,III-IV Jaén,CAJAMARCA,"22 km al NO de Jaén, Jaén - Cajamarca",0,123,11:36:07,1772859600000,1772901367000,4.8,2026-06-20T19:50:43Z,2026-123,CAJAMARCA,1772859600000,1772901367000,11:36:07,III-IV Jaén,-5.55,-78.93,4.8,4.8,-27,1778,27,Superficial,"22 km al NO de Jaén, Jaén - Cajamarca",123,1,0
1777,2026-122,2026-03-07T15:05:17Z,2026-03-07T10:05:17-05:00,2026-03-07,10:05:17,2026-03-07T10:05:17-05:00,2026-03-07,10:05:17,-13.61,-74.3,3.6,18,Superficial,II-III Chuschi,AYACUCHO,"6 km al SE de Chuschi, Cangallo - Ayacucho",0,122,10:05:17,1772859600000,1772895917000,3.6,2026-06-20T19:50:43Z,2026-122,AYACUCHO,1772859600000,1772895917000,10:05:17,II-III Chuschi,-13.61,-74.3,3.6,3.6,-18,1777,18,Superficial,"6 km al SE de Chuschi, Cangallo - Ayacucho",122,1,0
1776,2026-121,2026-03-07T00:28:15Z,2026-03-06T19:28:15-05:00,2026-03-06,19:28:15,2026-03-06T19:28:15-05:00,2026-03-06,19:28:15,-15.99,-75.21,4.0,17,Superficial,II Lomas,OCEANO,"61 km al SO de Lomas, Caravelí - Arequipa",0,121,19:28:15,1772773200000,1772843295000,4.0,2026-06-20T19:50:43Z,2026-121,OCEANO,1772773200000,1772843295000,19:28:15,II Lomas,-15.99,-75.21,4.0,4.0,-17,1776,17,Superficial,"61 km al SO de Lomas, Caravelí - Arequipa",121,1,0
1775,2026-120,2026-03-06T20:00:35Z,2026-03-06T15:00:35-05:00,2026-03-06,15:00:35,2026-03-06T15:00:35-05:00,2026-03-06,15:00:35,-15.81,-75.13,3.9,19,Superficial,II Lomas,OCEANO,"40 km al SO de Lomas, Caravelí - Arequipa",0,120,15:00:35,1772773200000,1772827235000,3.9,2026-06-20T19:50:43Z,2026-120,OCEANO,1772773200000,1772827235000,15:00:35,II Lomas,-15.81,-75.13,3.9,3.9,-19,1775,19,Superficial,"40 km al SO de Lomas, Caravelí - Arequipa",120,1,0
1774,2026-119,2026-03-06T01:40:23Z,2026-03-05T20:40:23-05:00,2026-03-05,20:40:23,2026-03-05T20:40:23-05:00,2026-03-05,20:40:23,-4.56,-76.99,4.8,115,Intermedio,III Pastaza,LORETO,"46 km al O de Pastaza, Datem del Marañón - Loreto",0,119,20:40:23,1772686800000,1772761223000,4.8,2026-06-20T19:50:43Z,2026-119,LORETO,1772686800000,1772761223000,20:40:23,III Pastaza,-4.56,-76.99,4.8,4.8,-115,1774,115,Intermedio,"46 km al O de Pastaza, Datem del Marañón - Loreto",119,1,0
1773,2026-118,2026-03-05T21:08:34Z,2026-03-05T16:08:34-05:00,2026-03-05,16:08:34,2026-03-05T16:08:34-05:00,2026-03-05,16:08:34,-7.73,-75.74,3.7,49,Superficial,II-III Pampa Hermosa,LORETO,"77 km al SO de Pampa Hermosa, Ucayali - Loreto",0,118,16:08:34,1772686800000,1772744914000,3.7,2026-06-20T19:50:43Z,2026-118,LORETO,1772686800000,1772744914000,16:08:34,II-III Pampa Hermosa,-7.73,-75.74,3.7,3.7,-49,1773,49,Superficial,"77 km al SO de Pampa Hermosa, Ucayali - Loreto",118,1,0
1772,2026-117,2026-03-05T12:06:15Z,2026-03-05T07:06:15-05:00,2026-03-05,07:06:15,2026-03-05T07:06:15-05:00,2026-03-05,07:06:15,-12.7,-76.84,3.4,50,Superficial,II Chilca,OCEANO,"23 km al SO de Chilca, Cañete - Lima",0,117,07:06:15,1772686800000,1772712375000,3.4,2026-06-20T19:50:43Z,2026-117,OCEANO,1772686800000,1772712375000,07:06:15,II Chilca,-12.7,-76.84,3.4,3.4,-50,1772,50,Superficial,"23 km al SO de Chilca, Cañete - Lima",117,1,0
1771,2026-116,2026-03-05T08:53:45Z,2026-03-05T03:53:45-05:00,2026-03-05,03:53:45,2026-03-05T03:53:45-05:00,2026-03-05,03:53:45,-16.36,-73.02,3.5,19,Superficial,II Ocoña,AREQUIPA,"12 km al NE de Ocoña, Camaná - Arequipa",0,116,03:53:45,1772686800000,1772700825000,3.5,2026-06-20T19:50:43Z,2026-116,AREQUIPA,1772686800000,1772700825000,03:53:45,II Ocoña,-16.36,-73.02,3.5,3.5,-19,1771,19,Superficial,"12 km al NE de Ocoña, Camaná - Arequipa",116,1,0
1770,2026-115,2026-03-04T22:45:09Z,2026-03-04T17:45:09-05:00,2026-03-04,17:45:09,2026-03-04T17:45:09-05:00,2026-03-04,17:45:09,-14.05,-73.73,3.5,11,Superficial,II Querobamba,AYACUCHO,"12 km al E de Querobamba, Sucre - Ayacucho",0,115,17:45:09,1772600400000,1772664309000,3.5,2026-06-20T19:50:43Z,2026-115,AYACUCHO,1772600400000,1772664309000,17:45:09,II Querobamba,-14.05,-73.73,3.5,3.5,-11,1770,11,Superficial,"12 km al E de Querobamba, Sucre - Ayacucho",115,1,0
1769,2026-114,2026-03-04T05:46:28Z,2026-03-04T00:46:28-05:00,2026-03-04,00:46:28,2026-03-04T00:46:28-05:00,2026-03-04,00:46:28,-12.56,-76.65,3.5,54,Superficial,II-III Chilca,LIMA,"11 km al SE de Chilca, Cañete - Lima",0,114,00:46:28,1772600400000,1772603188000,3.5,2026-06-20T19:50:43Z,2026-114,LIMA,1772600400000,1772603188000,00:46:28,II-III Chilca,-12.56,-76.65,3.5,3.5,-54,1769,54,Superficial,"11 km al SE de Chilca, Cañete - Lima",114,1,0
1768,2026-113,2026-03-04T04:14:22Z,2026-03-03T23:14:22-05:00,2026-03-03,23:14:22,2026-03-03T23:14:22-05:00,2026-03-03,23:14:22,-4.12,-80.87,4.5,17,Superficial,III Máncora,PIURA,"20 km al E de Máncora, Talara - Piura",0,113,23:14:22,1772514000000,1772597662000,4.5,2026-06-20T19:50:43Z,2026-113,PIURA,1772514000000,1772597662000,23:14:22,III Máncora,-4.12,-80.87,4.5,4.5,-17,1768,17,Superficial,"20 km al E de Máncora, Talara - Piura",113,1,0
1767,2026-112,2026-03-01T20:05:58Z,2026-03-01T15:05:58-05:00,2026-03-01,15:05:58,2026-03-01T15:05:58-05:00,2026-03-01,15:05:58,-5.55,-80.75,4.1,35,Superficial,III Sechura,PIURA,"8 km al E de Sechura, Sechura - Piura",0,112,15:05:58,1772341200000,1772395558000,4.1,2026-06-20T19:50:43Z,2026-112,PIURA,1772341200000,1772395558000,15:05:58,III Sechura,-5.55,-80.75,4.1,4.1,-35,1767,35,Superficial,"8 km al E de Sechura, Sechura - Piura",112,1,0
1766,2026-111,2026-03-01T17:19:09Z,2026-03-01T12:19:09-05:00,2026-03-01,12:19:09,2026-03-01T12:19:09-05:00,2026-03-01,12:19:09,-18.17,-69.95,4.2,123,Intermedio,,TACNA,"36 km al SE de Calana, Tacna - Tacna",0,111,12:19:09,1772341200000,1772385549000,4.2,2026-06-20T19:50:43Z,2026-111,TACNA,1772341200000,1772385549000,12:19:09,,-18.17,-69.95,4.2,4.2,-123,1766,123,Intermedio,"36 km al SE de Calana, Tacna - Tacna",111,0,0
1765,2026-110,2026-02-28T04:28:12Z,2026-02-27T23:28:12-05:00,2026-02-27,23:28:12,2026-02-27T23:28:12-05:00,2026-02-27,23:28:12,-3.62,-77.2,4.2,93,Intermedio,,LORETO,"86 km al O de Andoas, Datem del Marañón - Loreto",0,110,23:28:12,1772168400000,1772252892000,4.2,2026-06-20T19:50:43Z,2026-110,LORETO,1772168400000,1772252892000,23:28:12,,-3.62,-77.2,4.2,4.2,-93,1765,93,Intermedio,"86 km al O de Andoas, Datem del Marañón - Loreto",110,0,0
1764,2026-109,2026-02-27T13:01:47Z,2026-02-27T08:01:47-05:00,2026-02-27,08:01:47,2026-02-27T08:01:47-05:00,2026-02-27,08:01:47,-14.07,-73.73,3.5,20,Superficial,II-III Querobamba,AYACUCHO,"13 km al SE de Querobamba, Sucre - Ayacucho",0,109,08:01:47,1772168400000,1772197307000,3.5,2026-06-20T19:50:43Z,2026-109,AYACUCHO,1772168400000,1772197307000,08:01:47,II-III Querobamba,-14.07,-73.73,3.5,3.5,-20,1764,20,Superficial,"13 km al SE de Querobamba, Sucre - Ayacucho",109,1,0
1763,2026-108,2026-02-27T08:30:39Z,2026-02-27T03:30:39-05:00,2026-02-27,03:30:39,2026-02-27T03:30:39-05:00,2026-02-27,03:30:39,-11.37,-78.1,3.6,43,Superficial,II-III Huacho,OCEANO,"61 km al SO de Huacho, Huaura - Lima",0,108,03:30:39,1772168400000,1772181039000,3.6,2026-06-20T19:50:43Z,2026-108,OCEANO,1772168400000,1772181039000,03:30:39,II-III Huacho,-11.37,-78.1,3.6,3.6,-43,1763,43,Superficial,"61 km al SO de Huacho, Huaura - Lima",108,1,0
1762,2026-107,2026-02-27T04:47:29Z,2026-02-26T23:47:29-05:00,2026-02-26,23:47:29,2026-02-26T23:47:29-05:00,2026-02-26,23:47:29,-12.81,-77.16,3.4,52,Superficial,II Chilca,OCEANO,"56 km al SO de Chilca, Cañete - Lima",0,107,23:47:29,1772082000000,1772167649000,3.4,2026-06-20T19:50:43Z,2026-107,OCEANO,1772082000000,1772167649000,23:47:29,II Chilca,-12.81,-77.16,3.4,3.4,-52,1762,52,Superficial,"56 km al SO de Chilca, Cañete - Lima",107,1,0
1761,2026-106,2026-02-26T23:48:33Z,2026-02-26T18:48:33-05:00,2026-02-26,18:48:33,2026-02-26T18:48:33-05:00,2026-02-26,18:48:33,-12.71,-76.84,3.5,52,Superficial,II-III Mala,OCEANO,"23 km al O de Mala, Cañete - Lima",0,106,18:48:33,1772082000000,1772149713000,3.5,2026-06-20T19:50:43Z,2026-106,OCEANO,1772082000000,1772149713000,18:48:33,II-III Mala,-12.71,-76.84,3.5,3.5,-52,1761,52,Superficial,"23 km al O de Mala, Cañete - Lima",106,1,0
1760,2026-105,2026-02-26T23:21:08Z,2026-02-26T18:21:08-05:00,2026-02-26,18:21:08,2026-02-26T18:21:08-05:00,2026-02-26,18:21:08,-12.44,-77.06,5.0,53,Superficial,IV-V Chilca,OCEANO,"36 km al O de Chilca, Cañete - Lima",0,105,18:21:08,1772082000000,1772148068000,5.0,2026-06-20T19:50:43Z,2026-105,OCEANO,1772082000000,1772148068000,18:21:08,IV-V Chilca,-12.44,-77.06,5.0,5.0,-53,1760,53,Superficial,"36 km al O de Chilca, Cañete - Lima",105,1,0
1759,2026-104,2026-02-26T07:23:17Z,2026-02-26T02:23:17-05:00,2026-02-26,02:23:17,2026-02-26T02:23:17-05:00,2026-02-26,02:23:17,-13.57,-76.0,3.7,40,Superficial,II-III Chincha Alta,ICA,"22 km al SE de Chincha Alta, Chincha - Ica",0,104,02:23:17,1772082000000,1772090597000,3.7,2026-06-20T19:50:43Z,2026-104,ICA,1772082000000,1772090597000,02:23:17,II-III Chincha Alta,-13.57,-76.0,3.7,3.7,-40,1759,40,Superficial,"22 km al SE de Chincha Alta, Chincha - Ica",104,1,0
1758,2026-103,2026-02-26T06:54:13Z,2026-02-26T01:54:13-05:00,2026-02-26,01:54:13,2026-02-26T01:54:13-05:00,2026-02-26,01:54:13,-8.32,-74.33,4.1,171,Intermedio,,UCAYALI,"23 km al E de Pucallpa, Coronel Portillo - Ucayali",0,103,01:54:13,1772082000000,1772088853000,4.1,2026-06-20T19:50:43Z,2026-103,UCAYALI,1772082000000,1772088853000,01:54:13,,-8.32,-74.33,4.1,4.1,-171,1758,171,Intermedio,"23 km al E de Pucallpa, Coronel Portillo - Ucayali",103,0,0
1757,2026-102,2026-02-26T04:01:36Z,2026-02-25T23:01:36-05:00,2026-02-25,23:01:36,2026-02-25T23:01:36-05:00,2026-02-25,23:01:36,-9.45,-75.61,4.2,124,Intermedio,III Codo del Pozuzo,HUÁNUCO,"30 km al NO de Codo del Pozuzo, Puerto Inca - Huánuco",0,102,23:01:36,1771995600000,1772078496000,4.2,2026-06-20T19:50:43Z,2026-102,HUÁNUCO,1771995600000,1772078496000,23:01:36,III Codo del Pozuzo,-9.45,-75.61,4.2,4.2,-124,1757,124,Intermedio,"30 km al NO de Codo del Pozuzo, Puerto Inca - Huánuco",102,1,0
1756,2026-101,2026-02-25T07:02:52Z,2026-02-25T02:02:52-05:00,2026-02-25,02:02:52,2026-02-25T02:02:52-05:00,2026-02-25,02:02:52,-13.49,-76.09,4.0,87,Intermedio,,ICA,"9 km al SE de Chincha Alta, Chincha - Ica",0,101,02:02:52,1771995600000,1772002972000,4.0,2026-06-20T19:50:43Z,2026-101,ICA,1771995600000,1772002972000,02:02:52,,-13.49,-76.09,4.0,4.0,-87,1756,87,Intermedio,"9 km al SE de Chincha Alta, Chincha - Ica",101,0,0
1755,2026-100,2026-02-22T22:36:14Z,2026-02-22T17:36:14-05:00,2026-02-22,17:36:14,2026-02-22T17:36:14-05:00,2026-02-22,17:36:14,-13.59,-76.96,5.1,42,Superficial,III-IV Pisco,OCEANO,"82 km al O de Pisco, Pisco - Ica",0,100,17:36:14,1771736400000,1771799774000,5.1,2026-06-20T19:50:43Z,2026-100,OCEANO,1771736400000,1771799774000,17:36:14,III-IV Pisco,-13.59,-76.96,5.1,5.1,-42,1755,42,Superficial,"82 km al O de Pisco, Pisco - Ica",100,1,0
1754,2026-99,2026-02-22T19:07:43Z,2026-02-22T14:07:43-05:00,2026-02-22,14:07:43,2026-02-22T14:07:43-05:00,2026-02-22,14:07:43,-16.16,-74.27,3.8,23,Superficial,II-III Chala,OCEANO,"33 km al S de Chala, Caravelí - Arequipa",0,99,14:07:43,1771736400000,1771787263000,3.8,2026-06-20T19:50:43Z,2026-99,OCEANO,1771736400000,1771787263000,14:07:43,II-III Chala,-16.16,-74.27,3.8,3.8,-23,1754,23,Superficial,"33 km al S de Chala, Caravelí - Arequipa",99,1,0
1753,2026-98,2026-02-22T18:03:29Z,2026-02-22T13:03:29-05:00,2026-02-22,13:03:29,2026-02-22T13:03:29-05:00,2026-02-22,13:03:29,-15.83,-75.27,4.3,18,Superficial,III Lomas,OCEANO,"53 km al SO de Lomas, Caravelí - Arequipa",0,98,13:03:29,1771736400000,1771783409000,4.3,2026-06-20T19:50:43Z,2026-98,OCEANO,1771736400000,1771783409000,13:03:29,III Lomas,-15.83,-75.27,4.3,4.3,-18,1753,18,Superficial,"53 km al SO de Lomas, Caravelí - Arequipa",98,1,0
1752,2026-97,2026-02-22T13:56:58Z,2026-02-22T08:56:58-05:00,2026-02-22,08:56:58,2026-02-22T08:56:58-05:00,2026-02-22,08:56:58,-9.92,-75.03,3.5,16,Superficial,II-III Puerto Bermúdez,PASCO,"43 km al N de Puerto Bermúdez, Oxapampa - Pasco",0,97,08:56:58,1771736400000,1771768618000,3.5,2026-06-20T19:50:43Z,2026-97,PASCO,1771736400000,1771768618000,08:56:58,II-III Puerto Bermúdez,-9.92,-75.03,3.5,3.5,-16,1752,16,Superficial,"43 km al N de Puerto Bermúdez, Oxapampa - Pasco",97,1,0
1751,2026-96,2026-02-22T06:43:51Z,2026-02-22T01:43:51-05:00,2026-02-22,01:43:51,2026-02-22T01:43:51-05:00,2026-02-22,01:43:51,-4.58,-76.47,4.9,108,Intermedio,III Pastaza,LORETO,"15 km al NE de Pastaza, Datem del Marañón - Loreto",0,96,01:43:51,1771736400000,1771742631000,4.9,2026-06-20T19:50:43Z,2026-96,LORETO,1771736400000,1771742631000,01:43:51,III Pastaza,-4.58,-76.47,4.9,4.9,-108,1751,108,Intermedio,"15 km al NE de Pastaza, Datem del Marañón - Loreto",96,1,0
1750,2026-95,2026-02-20T22:28:52Z,2026-02-20T17:28:52-05:00,2026-02-20,17:28:52,2026-02-20T17:28:52-05:00,2026-02-20,17:28:52,-12.44,-75.48,3.6,109,Intermedio,II-III Huasicancha,JUNÍN,"25 km al SO de Huasicancha, Huancayo - Junín",0,95,17:28:52,1771563600000,1771626532000,3.6,2026-06-20T19:50:43Z,2026-95,JUNÍN,1771563600000,1771626532000,17:28:52,II-III Huasicancha,-12.44,-75.48,3.6,3.6,-109,1750,109,Intermedio,"25 km al SO de Huasicancha, Huancayo - Junín",95,1,0
1749,2026-94,2026-02-20T18:48:48Z,2026-02-20T13:48:48-05:00,2026-02-20,13:48:48,2026-02-20T13:48:48-05:00,2026-02-20,13:48:48,-16.29,-72.17,4.0,110,Intermedio,II-III Vitor,AREQUIPA,"32 km al NO de Vitor, Arequipa - Arequipa",0,94,13:48:48,1771563600000,1771613328000,4.0,2026-06-20T19:50:43Z,2026-94,AREQUIPA,1771563600000,1771613328000,13:48:48,II-III Vitor,-16.29,-72.17,4.0,4.0,-110,1749,110,Intermedio,"32 km al NO de Vitor, Arequipa - Arequipa",94,1,0
1748,2026-93,2026-02-19T17:46:47Z,2026-02-19T12:46:47-05:00,2026-02-19,12:46:47,2026-02-19T12:46:47-05:00,2026-02-19,12:46:47,-4.27,-80.43,4.0,68,Intermedio,II-III Lancones,PIURA,"43 km al N de Lancones, Sullana - Piura",0,93,12:46:47,1771477200000,1771523207000,4.0,2026-06-20T19:50:43Z,2026-93,PIURA,1771477200000,1771523207000,12:46:47,II-III Lancones,-4.27,-80.43,4.0,4.0,-68,1748,68,Intermedio,"43 km al N de Lancones, Sullana - Piura",93,1,0
1747,2026-92,2026-02-19T13:45:41Z,2026-02-19T08:45:41-05:00,2026-02-19,08:45:41,2026-02-19T08:45:41-05:00,2026-02-19,08:45:41,-9.11,-79.21,4.0,48,Superficial,II Chimbote,OCEANO,"69 km al O de Chimbote, Santa - Áncash",0,92,08:45:41,1771477200000,1771508741000,4.0,2026-06-20T19:50:43Z,2026-92,OCEANO,1771477200000,1771508741000,08:45:41,II Chimbote,-9.11,-79.21,4.0,4.0,-48,1747,48,Superficial,"69 km al O de Chimbote, Santa - Áncash",92,1,0
1746,2026-91,2026-02-19T05:35:08Z,2026-02-19T00:35:08-05:00,2026-02-19,00:35:08,2026-02-19T00:35:08-05:00,2026-02-19,00:35:08,-12.84,-76.94,3.9,38,Superficial,III Mala,OCEANO,"39 km al SO de Mala, Cañete - Lima",0,91,00:35:08,1771477200000,1771479308000,3.9,2026-06-20T19:50:43Z,2026-91,OCEANO,1771477200000,1771479308000,00:35:08,III Mala,-12.84,-76.94,3.9,3.9,-38,1746,38,Superficial,"39 km al SO de Mala, Cañete - Lima",91,1,0
1745,2026-90,2026-02-18T13:27:52Z,2026-02-18T08:27:52-05:00,2026-02-18,08:27:52,2026-02-18T08:27:52-05:00,2026-02-18,08:27:52,-4.5,-81.3,4.1,35,Superficial,II-III Talara,OCEANO,"9 km al N de Talara, Talara - Piura",0,90,08:27:52,1771390800000,1771421272000,4.1,2026-06-20T19:50:43Z,2026-90,OCEANO,1771390800000,1771421272000,08:27:52,II-III Talara,-4.5,-81.3,4.1,4.1,-35,1745,35,Superficial,"9 km al N de Talara, Talara - Piura",90,1,0
1744,2026-89,2026-02-18T11:53:19Z,2026-02-18T06:53:19-05:00,2026-02-18,06:53:19,2026-02-18T06:53:19-05:00,2026-02-18,06:53:19,-12.88,-76.67,3.5,49,Superficial,II-III Mala,OCEANO,"25 km al S de Mala, Cañete - Lima",0,89,06:53:19,1771390800000,1771415599000,3.5,2026-06-20T19:50:43Z,2026-89,OCEANO,1771390800000,1771415599000,06:53:19,II-III Mala,-12.88,-76.67,3.5,3.5,-49,1744,49,Superficial,"25 km al S de Mala, Cañete - Lima",89,1,0
1743,2026-88,2026-02-18T02:22:54Z,2026-02-17T21:22:54-05:00,2026-02-17,21:22:54,2026-02-17T21:22:54-05:00,2026-02-17,21:22:54,-16.88,-73.4,4.5,32,Superficial,III Ocoña,OCEANO,"59 km al SO de Ocoña, Camaná - Arequipa",0,88,21:22:54,1771304400000,1771381374000,4.5,2026-06-20T19:50:43Z,2026-88,OCEANO,1771304400000,1771381374000,21:22:54,III Ocoña,-16.88,-73.4,4.5,4.5,-32,1743,32,Superficial,"59 km al SO de Ocoña, Camaná - Arequipa",88,1,0
1742,2026-87,2026-02-17T14:16:26Z,2026-02-17T09:16:26-05:00,2026-02-17,09:16:26,2026-02-17T09:16:26-05:00,2026-02-17,09:16:26,-12.61,-74.69,4.2,98,Intermedio,,HUANCAVELICA,"22 km al S de Colcabamba, Tayacaja - Huancavelica",0,87,09:16:26,1771304400000,1771337786000,4.2,2026-06-20T19:50:43Z,2026-87,HUANCAVELICA,1771304400000,1771337786000,09:16:26,,-12.61,-74.69,4.2,4.2,-98,1742,98,Intermedio,"22 km al S de Colcabamba, Tayacaja - Huancavelica",87,0,0
1741,2026-86,2026-02-16T07:19:10Z,2026-02-16T02:19:10-05:00,2026-02-16,02:19:10,2026-02-16T02:19:10-05:00,2026-02-16,02:19:10,-8.46,-80.19,4.1,16,Superficial,,OCEANO,"134 km al O de Trujillo, Trujillo - La Libertad",0,86,02:19:10,1771218000000,1771226350000,4.1,2026-06-20T19:50:43Z,2026-86,OCEANO,1771218000000,1771226350000,02:19:10,,-8.46,-80.19,4.1,4.1,-16,1741,16,Superficial,"134 km al O de Trujillo, Trujillo - La Libertad",86,0,0
1740,2026-85,2026-02-16T03:59:27Z,2026-02-15T22:59:27-05:00,2026-02-15,22:59:27,2026-02-15T22:59:27-05:00,2026-02-15,22:59:27,-17.02,-71.53,3.7,76,Intermedio,II-III Punta de Bombón,AREQUIPA,"33 km al NE de Punta de Bombón, Islay - Arequipa",0,85,22:59:27,1771131600000,1771214367000,3.7,2026-06-20T19:50:43Z,2026-85,AREQUIPA,1771131600000,1771214367000,22:59:27,II-III Punta de Bombón,-17.02,-71.53,3.7,3.7,-76,1740,76,Intermedio,"33 km al NE de Punta de Bombón, Islay - Arequipa",85,1,0
1739,2026-84,2026-02-16T00:53:17Z,2026-02-15T19:53:17-05:00,2026-02-15,19:53:17,2026-02-15T19:53:17-05:00,2026-02-15,19:53:17,-9.2,-75.6,4.2,13,Superficial,III Aguaytía,UCAYALI,"21 km al SO de Aguaytía, Padre Abad - Ucayali",0,84,19:53:17,1771131600000,1771203197000,4.2,2026-06-20T19:50:43Z,2026-84,UCAYALI,1771131600000,1771203197000,19:53:17,III Aguaytía,-9.2,-75.6,4.2,4.2,-13,1739,13,Superficial,"21 km al SO de Aguaytía, Padre Abad - Ucayali",84,1,0
1738,2026-83,2026-02-15T11:32:33Z,2026-02-15T06:32:33-05:00,2026-02-15,06:32:33,2026-02-15T06:32:33-05:00,2026-02-15,06:32:33,-13.68,-72.72,3.4,20,Superficial,II-III Abancay,APURÍMAC,"18 km al E de Abancay, Abancay - Apurímac",0,83,06:32:33,1771131600000,1771155153000,3.4,2026-06-20T19:50:43Z,2026-83,APURÍMAC,1771131600000,1771155153000,06:32:33,II-III Abancay,-13.68,-72.72,3.4,3.4,-20,1738,20,Superficial,"18 km al E de Abancay, Abancay - Apurímac",83,1,0
1737,2026-82,2026-02-15T09:14:50Z,2026-02-15T04:14:50-05:00,2026-02-15,04:14:50,2026-02-15T04:14:50-05:00,2026-02-15,04:14:50,-18.26,-69.76,4.2,127,Intermedio,,TACNA,"57 km al SE de Calana, Tacna - Tacna",0,82,04:14:50,1771131600000,1771146890000,4.2,2026-06-20T19:50:43Z,2026-82,TACNA,1771131600000,1771146890000,04:14:50,,-18.26,-69.76,4.2,4.2,-127,1737,127,Intermedio,"57 km al SE de Calana, Tacna - Tacna",82,0,0
1736,2026-81,2026-02-15T06:03:15Z,2026-02-15T01:03:15-05:00,2026-02-15,01:03:15,2026-02-15T01:03:15-05:00,2026-02-15,01:03:15,-16.33,-71.73,4.7,123,Intermedio,III Yura,AREQUIPA,"10 km al SO de Yura, Arequipa - Arequipa",0,81,01:03:15,1771131600000,1771135395000,4.7,2026-06-20T19:50:43Z,2026-81,AREQUIPA,1771131600000,1771135395000,01:03:15,III Yura,-16.33,-71.73,4.7,4.7,-123,1736,123,Intermedio,"10 km al SO de Yura, Arequipa - Arequipa",81,1,0
1735,2026-80,2026-02-15T02:14:05Z,2026-02-14T21:14:05-05:00,2026-02-14,21:14:05,2026-02-14T21:14:05-05:00,2026-02-14,21:14:05,-16.04,-75.02,3.8,17,Superficial,II-III Lomas,OCEANO,"55 km al S de Lomas, Caravelí - Arequipa",0,80,21:14:05,1771045200000,1771121645000,3.8,2026-06-20T19:50:43Z,2026-80,OCEANO,1771045200000,1771121645000,21:14:05,II-III Lomas,-16.04,-75.02,3.8,3.8,-17,1735,17,Superficial,"55 km al S de Lomas, Caravelí - Arequipa",80,1,0
1734,2026-79,2026-02-14T14:15:29Z,2026-02-14T09:15:29-05:00,2026-02-14,09:15:29,2026-02-14T09:15:29-05:00,2026-02-14,09:15:29,-11.61,-77.75,4.2,44,Superficial,III Huacho,OCEANO,"58 km al S de Huacho, Huaura - Lima",0,79,09:15:29,1771045200000,1771078529000,4.2,2026-06-20T19:50:43Z,2026-79,OCEANO,1771045200000,1771078529000,09:15:29,III Huacho,-11.61,-77.75,4.2,4.2,-44,1734,44,Superficial,"58 km al S de Huacho, Huaura - Lima",79,1,0
1733,2026-78,2026-02-12T21:52:54Z,2026-02-12T16:52:54-05:00,2026-02-12,16:52:54,2026-02-12T16:52:54-05:00,2026-02-12,16:52:54,-2.45,-77.7,4.8,149,Intermedio,,LORETO,"181 km al NO de Andoas, Datem del Marañón - Loreto",0,78,16:52:54,1770872400000,1770933174000,4.8,2026-06-20T19:50:43Z,2026-78,LORETO,1770872400000,1770933174000,16:52:54,,-2.45,-77.7,4.8,4.8,-149,1733,149,Intermedio,"181 km al NO de Andoas, Datem del Marañón - Loreto",78,0,0
1732,2026-77,2026-02-11T10:46:13Z,2026-02-11T05:46:13-05:00,2026-02-11,05:46:13,2026-02-11T05:46:13-05:00,2026-02-11,05:46:13,-3.43,-80.21,3.5,32,Superficial,II-III Zarumilla,TUMBES,"10 km al NE de Zarumilla, Zarumilla - Tumbes",0,77,05:46:13,1770786000000,1770806773000,3.5,2026-06-20T19:50:43Z,2026-77,TUMBES,1770786000000,1770806773000,05:46:13,II-III Zarumilla,-3.43,-80.21,3.5,3.5,-32,1732,32,Superficial,"10 km al NE de Zarumilla, Zarumilla - Tumbes",77,1,0
1731,2026-76,2026-02-11T06:17:15Z,2026-02-11T01:17:15-05:00,2026-02-11,01:17:15,2026-02-11T01:17:15-05:00,2026-02-11,01:17:15,-11.49,-77.29,3.5,53,Superficial,II-III Huaral,LIMA,"9 km al O de Huaral, Huaral - Lima",0,76,01:17:15,1770786000000,1770790635000,3.5,2026-06-20T19:50:43Z,2026-76,LIMA,1770786000000,1770790635000,01:17:15,II-III Huaral,-11.49,-77.29,3.5,3.5,-53,1731,53,Superficial,"9 km al O de Huaral, Huaral - Lima",76,1,0
1730,2026-75,2026-02-11T05:03:10Z,2026-02-11T00:03:10-05:00,2026-02-11,00:03:10,2026-02-11T00:03:10-05:00,2026-02-11,00:03:10,-14.7,-73.63,4.2,112,Intermedio,,AYACUCHO,"39 km al NE de Coracora, Parinacochas - Ayacucho",0,75,00:03:10,1770786000000,1770786190000,4.2,2026-06-20T19:50:43Z,2026-75,AYACUCHO,1770786000000,1770786190000,00:03:10,,-14.7,-73.63,4.2,4.2,-112,1730,112,Intermedio,"39 km al NE de Coracora, Parinacochas - Ayacucho",75,0,0
1729,2026-74,2026-02-11T00:51:46Z,2026-02-10T19:51:46-05:00,2026-02-10,19:51:46,2026-02-10T19:51:46-05:00,2026-02-10,19:51:46,-12.88,-70.13,4.6,35,Superficial,III San Gabán,PUNO,"69 km al NE de San Gabán, Carabaya - Puno",0,74,19:51:46,1770699600000,1770771106000,4.6,2026-06-20T19:50:43Z,2026-74,PUNO,1770699600000,1770771106000,19:51:46,III San Gabán,-12.88,-70.13,4.6,4.6,-35,1729,35,Superficial,"69 km al NE de San Gabán, Carabaya - Puno",74,1,0
1728,2026-73,2026-02-10T23:11:46Z,2026-02-10T18:11:46-05:00,2026-02-10,18:11:46,2026-02-10T18:11:46-05:00,2026-02-10,18:11:46,-9.23,-79.27,4.4,33,Superficial,III Chimbote,OCEANO,"78 km al O de Chimbote, Santa - Áncash",0,73,18:11:46,1770699600000,1770765106000,4.4,2026-06-20T19:50:43Z,2026-73,OCEANO,1770699600000,1770765106000,18:11:46,III Chimbote,-9.23,-79.27,4.4,4.4,-33,1728,33,Superficial,"78 km al O de Chimbote, Santa - Áncash",73,1,0
1727,2026-72,2026-02-09T23:10:09Z,2026-02-09T18:10:09-05:00,2026-02-09,18:10:09,2026-02-09T18:10:09-05:00,2026-02-09,18:10:09,-16.99,-72.77,3.9,41,Superficial,II-III Camaná,OCEANO,"41 km al S de Camaná, Camaná - Arequipa",0,72,18:10:09,1770613200000,1770678609000,3.9,2026-06-20T19:50:43Z,2026-72,OCEANO,1770613200000,1770678609000,18:10:09,II-III Camaná,-16.99,-72.77,3.9,3.9,-41,1727,41,Superficial,"41 km al S de Camaná, Camaná - Arequipa",72,1,0
1726,2026-71,2026-02-09T04:02:29Z,2026-02-08T23:02:29-05:00,2026-02-08,23:02:29,2026-02-08T23:02:29-05:00,2026-02-08,23:02:29,-12.83,-72.73,3.6,10,Superficial,III Quillabamba,CUSCO,"5 km al NO de Quillabamba, La Convención - Cusco",0,71,23:02:29,1770526800000,1770609749000,3.6,2026-06-20T19:50:43Z,2026-71,CUSCO,1770526800000,1770609749000,23:02:29,III Quillabamba,-12.83,-72.73,3.6,3.6,-10,1726,10,Superficial,"5 km al NO de Quillabamba, La Convención - Cusco",71,1,0
1725,2026-70,2026-02-08T13:10:18Z,2026-02-08T08:10:18-05:00,2026-02-08,08:10:18,2026-02-08T08:10:18-05:00,2026-02-08,08:10:18,-14.93,-74.36,4.0,92,Intermedio,,AYACUCHO,"37 km al SO de Puquio, Lucanas - Ayacucho",0,70,08:10:18,1770526800000,1770556218000,4.0,2026-06-20T19:50:43Z,2026-70,AYACUCHO,1770526800000,1770556218000,08:10:18,,-14.93,-74.36,4.0,4.0,-92,1725,92,Intermedio,"37 km al SO de Puquio, Lucanas - Ayacucho",70,0,0
1724,2026-69,2026-02-07T17:28:59Z,2026-02-07T12:28:59-05:00,2026-02-07,12:28:59,2026-02-07T12:28:59-05:00,2026-02-07,12:28:59,-15.65,-71.66,3.5,20,Superficial,III Coporaque,AREQUIPA,"3 km al SO de Coporaque, Caylloma - Arequipa",0,69,12:28:59,1770440400000,1770485339000,3.5,2026-06-20T19:50:43Z,2026-69,AREQUIPA,1770440400000,1770485339000,12:28:59,III Coporaque,-15.65,-71.66,3.5,3.5,-20,1724,20,Superficial,"3 km al SO de Coporaque, Caylloma - Arequipa",69,1,0
1723,2026-68,2026-02-06T00:40:41Z,2026-02-05T19:40:41-05:00,2026-02-05,19:40:41,2026-02-05T19:40:41-05:00,2026-02-05,19:40:41,-3.2,-75.92,4.1,145,Intermedio,,LORETO,"65 km al NE de Andoas, Datem del Marañón - Loreto",0,68,19:40:41,1770267600000,1770338441000,4.1,2026-06-20T19:50:43Z,2026-68,LORETO,1770267600000,1770338441000,19:40:41,,-3.2,-75.92,4.1,4.1,-145,1723,145,Intermedio,"65 km al NE de Andoas, Datem del Marañón - Loreto",68,0,0
1722,2026-67,2026-02-05T21:32:23Z,2026-02-05T16:32:23-05:00,2026-02-05,16:32:23,2026-02-05T16:32:23-05:00,2026-02-05,16:32:23,-5.62,-80.3,3.8,47,Superficial,II-III La Unión,PIURA,"55 km al SE de La Unión, Piura - Piura",0,67,16:32:23,1770267600000,1770327143000,3.8,2026-06-20T19:50:43Z,2026-67,PIURA,1770267600000,1770327143000,16:32:23,II-III La Unión,-5.62,-80.3,3.8,3.8,-47,1722,47,Superficial,"55 km al SE de La Unión, Piura - Piura",67,1,0
1721,2026-66,2026-02-05T20:56:34Z,2026-02-05T15:56:34-05:00,2026-02-05,15:56:34,2026-02-05T15:56:34-05:00,2026-02-05,15:56:34,-15.2,-74.06,4.0,106,Intermedio,,AYACUCHO,"25 km al O de Pullo, Parinacochas - Ayacucho",0,66,15:56:34,1770267600000,1770324994000,4.0,2026-06-20T19:50:43Z,2026-66,AYACUCHO,1770267600000,1770324994000,15:56:34,,-15.2,-74.06,4.0,4.0,-106,1721,106,Intermedio,"25 km al O de Pullo, Parinacochas - Ayacucho",66,0,0
1720,2026-65,2026-02-05T18:20:45Z,2026-02-05T13:20:45-05:00,2026-02-05,13:20:45,2026-02-05T13:20:45-05:00,2026-02-05,13:20:45,-10.73,-73.9,4.0,117,Intermedio,,UCAYALI,"16 km al O de Atalaya, Atalaya - Ucayali",0,65,13:20:45,1770267600000,1770315645000,4.0,2026-06-20T19:50:43Z,2026-65,UCAYALI,1770267600000,1770315645000,13:20:45,,-10.73,-73.9,4.0,4.0,-117,1720,117,Intermedio,"16 km al O de Atalaya, Atalaya - Ucayali",65,0,0
1719,2026-64,2026-02-05T11:07:38Z,2026-02-05T06:07:38-05:00,2026-02-05,06:07:38,2026-02-05T06:07:38-05:00,2026-02-05,06:07:38,-11.19,-74.66,4.0,130,Intermedio,,JUNÍN,"7 km al N de Satipo, Satipo - Junín",0,64,06:07:38,1770267600000,1770289658000,4.0,2026-06-20T19:50:43Z,2026-64,JUNÍN,1770267600000,1770289658000,06:07:38,,-11.19,-74.66,4.0,4.0,-130,1719,130,Intermedio,"7 km al N de Satipo, Satipo - Junín",64,0,0
1718,2026-63,2026-02-05T05:30:03Z,2026-02-05T00:30:03-05:00,2026-02-05,00:30:03,2026-02-05T00:30:03-05:00,2026-02-05,00:30:03,-13.67,-76.11,3.8,51,Superficial,II Pisco,ICA,"12 km al E de Pisco, Pisco - Ica",0,63,00:30:03,1770267600000,1770269403000,3.8,2026-06-20T19:50:43Z,2026-63,ICA,1770267600000,1770269403000,00:30:03,II Pisco,-13.67,-76.11,3.8,3.8,-51,1718,51,Superficial,"12 km al E de Pisco, Pisco - Ica",63,1,0
1717,2026-62,2026-02-05T00:20:04Z,2026-02-04T19:20:04-05:00,2026-02-04,19:20:04,2026-02-04T19:20:04-05:00,2026-02-04,19:20:04,-9.75,-75.67,3.7,16,Superficial,II-III Codo del Pozuzo,HUÁNUCO,"25 km al O de Codo del Pozuzo, Puerto Inca - Huánuco",0,62,19:20:04,1770181200000,1770250804000,3.7,2026-06-20T19:50:43Z,2026-62,HUÁNUCO,1770181200000,1770250804000,19:20:04,II-III Codo del Pozuzo,-9.75,-75.67,3.7,3.7,-16,1717,16,Superficial,"25 km al O de Codo del Pozuzo, Puerto Inca - Huánuco",62,1,0
1716,2026-61,2026-02-03T17:29:53Z,2026-02-03T12:29:53-05:00,2026-02-03,12:29:53,2026-02-03T12:29:53-05:00,2026-02-03,12:29:53,-8.73,-74.97,4.0,130,Intermedio,,UCAYALI,"36 km al SE de Curimaná, Padre Abad - Ucayali",0,61,12:29:53,1770094800000,1770139793000,4.0,2026-06-20T19:50:43Z,2026-61,UCAYALI,1770094800000,1770139793000,12:29:53,,-8.73,-74.97,4.0,4.0,-130,1716,130,Intermedio,"36 km al SE de Curimaná, Padre Abad - Ucayali",61,0,0
1715,2026-60,2026-02-03T02:08:16Z,2026-02-02T21:08:16-05:00,2026-02-02,21:08:16,2026-02-02T21:08:16-05:00,2026-02-02,21:08:16,-15.49,-70.71,4.0,196,Intermedio,,PUNO,"26 km al NO de Santa Lucía, Lampa - Puno",0,60,21:08:16,1770008400000,1770084496000,4.0,2026-06-20T19:50:43Z,2026-60,PUNO,1770008400000,1770084496000,21:08:16,,-15.49,-70.71,4.0,4.0,-196,1715,196,Intermedio,"26 km al NO de Santa Lucía, Lampa - Puno",60,0,0
1714,2026-59,2026-02-03T01:34:27Z,2026-02-02T20:34:27-05:00,2026-02-02,20:34:27,2026-02-02T20:34:27-05:00,2026-02-02,20:34:27,-9.88,-78.78,3.7,44,Superficial,II-III Casma,OCEANO,"69 km al SO de Casma, Casma - Áncash",0,59,20:34:27,1770008400000,1770082467000,3.7,2026-06-20T19:50:43Z,2026-59,OCEANO,1770008400000,1770082467000,20:34:27,II-III Casma,-9.88,-78.78,3.7,3.7,-44,1714,44,Superficial,"69 km al SO de Casma, Casma - Áncash",59,1,0
1713,2026-58,2026-02-02T13:04:26Z,2026-02-02T08:04:26-05:00,2026-02-02,08:04:26,2026-02-02T08:04:26-05:00,2026-02-02,08:04:26,-15.14,-72.0,4.0,139,Intermedio,,AREQUIPA,"49 km al NE de Chachas, Castilla - Arequipa",0,58,08:04:26,1770008400000,1770037466000,4.0,2026-06-20T19:50:43Z,2026-58,AREQUIPA,1770008400000,1770037466000,08:04:26,,-15.14,-72.0,4.0,4.0,-139,1713,139,Intermedio,"49 km al NE de Chachas, Castilla - Arequipa",58,0,0
1712,2026-57,2026-01-31T21:28:11Z,2026-01-31T16:28:11-05:00,2026-01-31,16:28:11,2026-01-31T16:28:11-05:00,2026-01-31,16:28:11,-11.34,-78.18,4.0,49,Superficial,II-III Huacho,OCEANO,"68 km al O de Huacho, Huaura - Lima",0,57,16:28:11,1769835600000,1769894891000,4.0,2026-06-20T19:50:43Z,2026-57,OCEANO,1769835600000,1769894891000,16:28:11,II-III Huacho,-11.34,-78.18,4.0,4.0,-49,1712,49,Superficial,"68 km al O de Huacho, Huaura - Lima",57,1,0
1711,2026-56,2026-01-31T01:09:13Z,2026-01-30T20:09:13-05:00,2026-01-30,20:09:13,2026-01-30T20:09:13-05:00,2026-01-30,20:09:13,-15.78,-75.33,5.0,20,Superficial,III-IV Marcona,OCEANO,"50 km al S de Marcona, Nasca - Ica",0,56,20:09:13,1769749200000,1769821753000,5.0,2026-06-20T19:50:43Z,2026-56,OCEANO,1769749200000,1769821753000,20:09:13,III-IV Marcona,-15.78,-75.33,5.0,5.0,-20,1711,20,Superficial,"50 km al S de Marcona, Nasca - Ica",56,1,0
1710,2026-55,2026-01-31T00:34:55Z,2026-01-30T19:34:55-05:00,2026-01-30,19:34:55,2026-01-30T19:34:55-05:00,2026-01-30,19:34:55,-15.79,-75.27,4.1,18,Superficial,,OCEANO,"49 km al S de Marcona, Nasca - Ica",0,55,19:34:55,1769749200000,1769819695000,4.1,2026-06-20T19:50:43Z,2026-55,OCEANO,1769749200000,1769819695000,19:34:55,,-15.79,-75.27,4.1,4.1,-18,1710,18,Superficial,"49 km al S de Marcona, Nasca - Ica",55,0,0
1709,2026-54,2026-01-30T00:53:20Z,2026-01-29T19:53:20-05:00,2026-01-29,19:53:20,2026-01-29T19:53:20-05:00,2026-01-29,19:53:20,-16.9,-71.93,3.9,50,Superficial,III Mollendo,AREQUIPA,"17 km al NE de Mollendo, Islay - Arequipa",0,54,19:53:20,1769662800000,1769734400000,3.9,2026-06-20T19:50:43Z,2026-54,AREQUIPA,1769662800000,1769734400000,19:53:20,III Mollendo,-16.9,-71.93,3.9,3.9,-50,1709,50,Superficial,"17 km al NE de Mollendo, Islay - Arequipa",54,1,0
1708,2026-53,2026-01-29T07:51:06Z,2026-01-29T02:51:06-05:00,2026-01-29,02:51:06,2026-01-29T02:51:06-05:00,2026-01-29,02:51:06,-15.73,-75.43,4.9,40,Superficial,IV Marcona,OCEANO,"50 km al SO de Marcona, Nasca - Ica",0,53,02:51:06,1769662800000,1769673066000,4.9,2026-06-20T19:50:43Z,2026-53,OCEANO,1769662800000,1769673066000,02:51:06,IV Marcona,-15.73,-75.43,4.9,4.9,-40,1708,40,Superficial,"50 km al SO de Marcona, Nasca - Ica",53,1,0
1707,2026-52,2026-01-28T16:34:39Z,2026-01-28T11:34:39-05:00,2026-01-28,11:34:39,2026-01-28T11:34:39-05:00,2026-01-28,11:34:39,-10.98,-74.54,3.8,14,Superficial,III Satipo,JUNÍN,"32 km al N de Satipo, Satipo - Junín",0,52,11:34:39,1769576400000,1769618079000,3.8,2026-06-20T19:50:43Z,2026-52,JUNÍN,1769576400000,1769618079000,11:34:39,III Satipo,-10.98,-74.54,3.8,3.8,-14,1707,14,Superficial,"32 km al N de Satipo, Satipo - Junín",52,1,0
1706,2026-51,2026-01-25T20:29:02Z,2026-01-25T15:29:02-05:00,2026-01-25,15:29:02,2026-01-25T15:29:02-05:00,2026-01-25,15:29:02,-8.72,-74.79,4.8,136,Intermedio,III Pucallpa,HUÁNUCO,"47 km al SO de Pucallpa, Coronel Portillo - Ucayali",0,51,15:29:02,1769317200000,1769372942000,4.8,2026-06-20T19:50:43Z,2026-51,HUÁNUCO,1769317200000,1769372942000,15:29:02,III Pucallpa,-8.72,-74.79,4.8,4.8,-136,1706,136,Intermedio,"47 km al SO de Pucallpa, Coronel Portillo - Ucayali",51,1,0
1705,2026-50,2026-01-24T01:20:41Z,2026-01-23T20:20:41-05:00,2026-01-23,20:20:41,2026-01-23T20:20:41-05:00,2026-01-23,20:20:41,-14.34,-76.74,4.2,26,Superficial,,OCEANO,"90 km al SO de Pisco, Pisco - Ica",0,50,20:20:41,1769144400000,1769217641000,4.2,2026-06-20T19:50:43Z,2026-50,OCEANO,1769144400000,1769217641000,20:20:41,,-14.34,-76.74,4.2,4.2,-26,1705,26,Superficial,"90 km al SO de Pisco, Pisco - Ica",50,0,0
1704,2026-49,2026-01-23T12:20:36Z,2026-01-23T07:20:36-05:00,2026-01-23,07:20:36,2026-01-23T07:20:36-05:00,2026-01-23,07:20:36,-16.38,-74.09,4.0,32,Superficial,,OCEANO,"53 km al O de Atico, Caravelí - Arequipa",0,49,07:20:36,1769144400000,1769170836000,4.0,2026-06-20T19:50:43Z,2026-49,OCEANO,1769144400000,1769170836000,07:20:36,,-16.38,-74.09,4.0,4.0,-32,1704,32,Superficial,"53 km al O de Atico, Caravelí - Arequipa",49,0,0
1703,2026-48,2026-01-21T22:28:03Z,2026-01-21T17:28:03-05:00,2026-01-21,17:28:03,2026-01-21T17:28:03-05:00,2026-01-21,17:28:03,-9.09,-79.19,3.5,58,Superficial,II Chimbote,OCEANO,"67 km al O de Chimbote, Santa - Áncash",0,48,17:28:03,1768971600000,1769034483000,3.5,2026-06-20T19:50:43Z,2026-48,OCEANO,1768971600000,1769034483000,17:28:03,II Chimbote,-9.09,-79.19,3.5,3.5,-58,1703,58,Superficial,"67 km al O de Chimbote, Santa - Áncash",48,1,0
1702,2026-47,2026-01-21T19:17:32Z,2026-01-21T14:17:32-05:00,2026-01-21,14:17:32,2026-01-21T14:17:32-05:00,2026-01-21,14:17:32,-14.29,-73.96,3.9,102,Intermedio,II Querobamba,AYACUCHO,"33 km al SO de Querobamba, Sucre - Ayacucho",0,47,14:17:32,1768971600000,1769023052000,3.9,2026-06-20T19:50:43Z,2026-47,AYACUCHO,1768971600000,1769023052000,14:17:32,II Querobamba,-14.29,-73.96,3.9,3.9,-102,1702,102,Intermedio,"33 km al SO de Querobamba, Sucre - Ayacucho",47,1,0
1701,2026-46,2026-01-21T10:35:09Z,2026-01-21T05:35:09-05:00,2026-01-21,05:35:09,2026-01-21T05:35:09-05:00,2026-01-21,05:35:09,-4.07,-80.76,3.7,27,Superficial,II-III Máncora,PIURA,"33 km al E de Máncora, Talara - Piura",0,46,05:35:09,1768971600000,1768991709000,3.7,2026-06-20T19:50:43Z,2026-46,PIURA,1768971600000,1768991709000,05:35:09,II-III Máncora,-4.07,-80.76,3.7,3.7,-27,1701,27,Superficial,"33 km al E de Máncora, Talara - Piura",46,1,0
1700,2026-45,2026-01-20T07:37:05Z,2026-01-20T02:37:05-05:00,2026-01-20,02:37:05,2026-01-20T02:37:05-05:00,2026-01-20,02:37:05,-15.18,-75.15,4.0,56,Superficial,III Marcona,ICA,"20 km al N de Marcona, Nasca - Ica",0,45,02:37:05,1768885200000,1768894625000,4.0,2026-06-20T19:50:43Z,2026-45,ICA,1768885200000,1768894625000,02:37:05,III Marcona,-15.18,-75.15,4.0,4.0,-56,1700,56,Superficial,"20 km al N de Marcona, Nasca - Ica",45,1,0
1699,2026-44,2026-01-19T20:46:11Z,2026-01-19T15:46:11-05:00,2026-01-19,15:46:11,2026-01-19T15:46:11-05:00,2026-01-19,15:46:11,-7.7,-78.17,3.5,15,Superficial,II Cajabamba,CAJAMARCA,"16 km al SO de Cajabamba, Cajabamba - Cajamarca",0,44,15:46:11,1768798800000,1768855571000,3.5,2026-06-20T19:50:43Z,2026-44,CAJAMARCA,1768798800000,1768855571000,15:46:11,II Cajabamba,-7.7,-78.17,3.5,3.5,-15,1699,15,Superficial,"16 km al SO de Cajabamba, Cajabamba - Cajamarca",44,1,0
1698,2026-43,2026-01-19T01:43:58Z,2026-01-18T20:43:58-05:00,2026-01-18,20:43:58,2026-01-18T20:43:58-05:00,2026-01-18,20:43:58,-15.64,-74.62,4.0,57,Superficial,III Yauca,AREQUIPA,"10 km al O de Yauca, Caravelí - Arequipa",0,43,20:43:58,1768712400000,1768787038000,4.0,2026-06-20T19:50:43Z,2026-43,AREQUIPA,1768712400000,1768787038000,20:43:58,III Yauca,-15.64,-74.62,4.0,4.0,-57,1698,57,Superficial,"10 km al O de Yauca, Caravelí - Arequipa",43,1,0
1697,2026-42,2026-01-17T08:12:32Z,2026-01-17T03:12:32-05:00,2026-01-17,03:12:32,2026-01-17T03:12:32-05:00,2026-01-17,03:12:32,-12.42,-77.03,3.8,47,Superficial,III Chilca,OCEANO,"34 km al O de Chilca, Cañete - Lima",0,42,03:12:32,1768626000000,1768637552000,3.8,2026-06-20T19:50:43Z,2026-42,OCEANO,1768626000000,1768637552000,03:12:32,III Chilca,-12.42,-77.03,3.8,3.8,-47,1697,47,Superficial,"34 km al O de Chilca, Cañete - Lima",42,1,0
1696,2026-41,2026-01-16T21:15:04Z,2026-01-16T16:15:04-05:00,2026-01-16,16:15:04,2026-01-16T16:15:04-05:00,2026-01-16,16:15:04,-4.57,-78.06,4.1,44,Superficial,II-III Santa María de Nieva,AMAZONAS,"21 km al O de Santa María de Nieva, Condorcanqui - Amazonas",0,41,16:15:04,1768539600000,1768598104000,4.1,2026-06-20T19:50:43Z,2026-41,AMAZONAS,1768539600000,1768598104000,16:15:04,II-III Santa María de Nieva,-4.57,-78.06,4.1,4.1,-44,1696,44,Superficial,"21 km al O de Santa María de Nieva, Condorcanqui - Amazonas",41,1,0
1695,2026-40,2026-01-16T07:34:39Z,2026-01-16T02:34:39-05:00,2026-01-16,02:34:39,2026-01-16T02:34:39-05:00,2026-01-16,02:34:39,-17.77,-70.46,4.5,110,Intermedio,III Alto de la Alianza,TACNA,"33 km al NO de Alto de la Alianza, Tacna - Tacna",0,40,02:34:39,1768539600000,1768548879000,4.5,2026-06-20T19:50:43Z,2026-40,TACNA,1768539600000,1768548879000,02:34:39,III Alto de la Alianza,-17.77,-70.46,4.5,4.5,-110,1695,110,Intermedio,"33 km al NO de Alto de la Alianza, Tacna - Tacna",40,1,0
1694,2026-39,2026-01-16T03:46:47Z,2026-01-15T22:46:47-05:00,2026-01-15,22:46:47,2026-01-15T22:46:47-05:00,2026-01-15,22:46:47,-13.69,-75.99,4.3,52,Superficial,III Pisco,ICA,"25 km al E de Pisco, Pisco - Ica",0,39,22:46:47,1768453200000,1768535207000,4.3,2026-06-20T19:50:43Z,2026-39,ICA,1768453200000,1768535207000,22:46:47,III Pisco,-13.69,-75.99,4.3,4.3,-52,1694,52,Superficial,"25 km al E de Pisco, Pisco - Ica",39,1,0
1693,2026-38,2026-01-15T18:30:41Z,2026-01-15T13:30:41-05:00,2026-01-15,13:30:41,2026-01-15T13:30:41-05:00,2026-01-15,13:30:41,-15.36,-73.02,4.3,130,Intermedio,,AREQUIPA,"22 km al SO de Cotahuasi, La Unión - Arequipa",0,38,13:30:41,1768453200000,1768501841000,4.3,2026-06-20T19:50:43Z,2026-38,AREQUIPA,1768453200000,1768501841000,13:30:41,,-15.36,-73.02,4.3,4.3,-130,1693,130,Intermedio,"22 km al SO de Cotahuasi, La Unión - Arequipa",38,0,0
1692,2026-37,2026-01-15T03:22:04Z,2026-01-14T22:22:04-05:00,2026-01-14,22:22:04,2026-01-14T22:22:04-05:00,2026-01-14,22:22:04,-8.8,-77.57,4.0,122,Intermedio,,ÁNCASH,"12 km al O de Pomabamba, Pomabamba - Áncash",0,37,22:22:04,1768366800000,1768447324000,4.0,2026-06-20T19:50:43Z,2026-37,ÁNCASH,1768366800000,1768447324000,22:22:04,,-8.8,-77.57,4.0,4.0,-122,1692,122,Intermedio,"12 km al O de Pomabamba, Pomabamba - Áncash",37,0,0
1691,2026-36,2026-01-14T15:57:41Z,2026-01-14T10:57:41-05:00,2026-01-14,10:57:41,2026-01-14T10:57:41-05:00,2026-01-14,10:57:41,-9.07,-79.26,3.6,40,Superficial,II-III Chimbote,OCEANO,"74 km al O de Chimbote, Santa - Áncash",0,36,10:57:41,1768366800000,1768406261000,3.6,2026-06-20T19:50:43Z,2026-36,OCEANO,1768366800000,1768406261000,10:57:41,II-III Chimbote,-9.07,-79.26,3.6,3.6,-40,1691,40,Superficial,"74 km al O de Chimbote, Santa - Áncash",36,1,0
1690,2026-35,2026-01-14T06:03:12Z,2026-01-14T01:03:12-05:00,2026-01-14,01:03:12,2026-01-14T01:03:12-05:00,2026-01-14,01:03:12,-9.42,-79.03,4.0,48,Superficial,,OCEANO,"63 km al SO de Chimbote, Santa - Áncash",0,35,01:03:12,1768366800000,1768370592000,4.0,2026-06-20T19:50:43Z,2026-35,OCEANO,1768366800000,1768370592000,01:03:12,,-9.42,-79.03,4.0,4.0,-48,1690,48,Superficial,"63 km al SO de Chimbote, Santa - Áncash",35,0,0
1689,2026-34,2026-01-13T07:28:30Z,2026-01-13T02:28:30-05:00,2026-01-13,02:28:30,2026-01-13T02:28:30-05:00,2026-01-13,02:28:30,-20.63,-69.77,4.8,138,Intermedio,III Tacna,CHILE,"295 km al S de Tacna, Tacna - Tacna",0,34,02:28:30,1768280400000,1768289310000,4.8,2026-06-20T19:50:43Z,2026-34,CHILE,1768280400000,1768289310000,02:28:30,III Tacna,-20.63,-69.77,4.8,4.8,-138,1689,138,Intermedio,"295 km al S de Tacna, Tacna - Tacna",34,1,0
1688,2026-33,2026-01-13T05:57:00Z,2026-01-13T00:57:00-05:00,2026-01-13,00:57:00,2026-01-13T00:57:00-05:00,2026-01-13,00:57:00,-16.75,-71.92,3.6,21,Superficial,II Mollendo,AREQUIPA,"32 km al N de Mollendo, Islay - Arequipa",0,33,00:57:00,1768280400000,1768283820000,3.6,2026-06-20T19:50:43Z,2026-33,AREQUIPA,1768280400000,1768283820000,00:57:00,II Mollendo,-16.75,-71.92,3.6,3.6,-21,1688,21,Superficial,"32 km al N de Mollendo, Islay - Arequipa",33,1,0
1687,2026-32,2026-01-13T03:02:01Z,2026-01-12T22:02:01-05:00,2026-01-12,22:02:01,2026-01-12T22:02:01-05:00,2026-01-12,22:02:01,-4.82,-80.83,4.2,35,Superficial,II-III Sullana,PIURA,"18 km al NO de Sullana, Sullana - Piura",0,32,22:02:01,1768194000000,1768273321000,4.2,2026-06-20T19:50:43Z,2026-32,PIURA,1768194000000,1768273321000,22:02:01,II-III Sullana,-4.82,-80.83,4.2,4.2,-35,1687,35,Superficial,"18 km al NO de Sullana, Sullana - Piura",32,1,0
1686,2026-31,2026-01-13T02:55:12Z,2026-01-12T21:55:12-05:00,2026-01-12,21:55:12,2026-01-12T21:55:12-05:00,2026-01-12,21:55:12,-4.87,-80.87,4.1,32,Superficial,II-III Sullana,PIURA,"20 km al O de Sullana, Sullana - Piura",0,31,21:55:12,1768194000000,1768272912000,4.1,2026-06-20T19:50:43Z,2026-31,PIURA,1768194000000,1768272912000,21:55:12,II-III Sullana,-4.87,-80.87,4.1,4.1,-32,1686,32,Superficial,"20 km al O de Sullana, Sullana - Piura",31,1,0
1685,2026-30,2026-01-12T10:50:03Z,2026-01-12T05:50:03-05:00,2026-01-12,05:50:03,2026-01-12T05:50:03-05:00,2026-01-12,05:50:03,-9.09,-79.25,4.2,41,Superficial,II-III Chimbote,OCEANO,"73 km al O de Chimbote, Santa - Áncash",0,30,05:50:03,1768194000000,1768215003000,4.2,2026-06-20T19:50:43Z,2026-30,OCEANO,1768194000000,1768215003000,05:50:03,II-III Chimbote,-9.09,-79.25,4.2,4.2,-41,1685,41,Superficial,"73 km al O de Chimbote, Santa - Áncash",30,1,0
1684,2026-29,2026-01-12T09:45:28Z,2026-01-12T04:45:28-05:00,2026-01-12,04:45:28,2026-01-12T04:45:28-05:00,2026-01-12,04:45:28,-15.01,-76.12,4.1,32,Superficial,,OCEANO,"84 km al O de San Juan, Nasca - Ica",0,29,04:45:28,1768194000000,1768211128000,4.1,2026-06-20T19:50:43Z,2026-29,OCEANO,1768194000000,1768211128000,04:45:28,,-15.01,-76.12,4.1,4.1,-32,1684,32,Superficial,"84 km al O de San Juan, Nasca - Ica",29,0,0
1683,2026-28,2026-01-11T21:51:17Z,2026-01-11T16:51:17-05:00,2026-01-11,16:51:17,2026-01-11T16:51:17-05:00,2026-01-11,16:51:17,-15.99,-71.9,4.0,130,Intermedio,,AREQUIPA,"37 km al SE de Huambo, Caylloma - Arequipa",0,28,16:51:17,1768107600000,1768168277000,4.0,2026-06-20T19:50:43Z,2026-28,AREQUIPA,1768107600000,1768168277000,16:51:17,,-15.99,-71.9,4.0,4.0,-130,1683,130,Intermedio,"37 km al SE de Huambo, Caylloma - Arequipa",28,0,0
1682,2026-27,2026-01-11T11:45:04Z,2026-01-11T06:45:04-05:00,2026-01-11,06:45:04,2026-01-11T06:45:04-05:00,2026-01-11,06:45:04,-8.97,-79.16,3.7,51,Superficial,II-III Chimbote,OCEANO,"64 km al O de Chimbote, Santa - Áncash",0,27,06:45:04,1768107600000,1768131904000,3.7,2026-06-20T19:50:43Z,2026-27,OCEANO,1768107600000,1768131904000,06:45:04,II-III Chimbote,-8.97,-79.16,3.7,3.7,-51,1682,51,Superficial,"64 km al O de Chimbote, Santa - Áncash",27,1,0
1681,2026-26,2026-01-10T23:18:12Z,2026-01-10T18:18:12-05:00,2026-01-10,18:18:12,2026-01-10T18:18:12-05:00,2026-01-10,18:18:12,-9.52,-79.6,4.2,29,Superficial,,OCEANO,"122 km al SO de Chimbote, Santa - Áncash",0,26,18:18:12,1768021200000,1768087092000,4.2,2026-06-20T19:50:43Z,2026-26,OCEANO,1768021200000,1768087092000,18:18:12,,-9.52,-79.6,4.2,4.2,-29,1681,29,Superficial,"122 km al SO de Chimbote, Santa - Áncash",26,0,0
1680,2026-25,2026-01-10T19:44:24Z,2026-01-10T14:44:24-05:00,2026-01-10,14:44:24,2026-01-10T14:44:24-05:00,2026-01-10,14:44:24,-16.83,-71.86,4.0,25,Superficial,III Mollendo,AREQUIPA,"27 km al NE de Mollendo, Islay - Arequipa",0,25,14:44:24,1768021200000,1768074264000,4.0,2026-06-20T19:50:43Z,2026-25,AREQUIPA,1768021200000,1768074264000,14:44:24,III Mollendo,-16.83,-71.86,4.0,4.0,-25,1680,25,Superficial,"27 km al NE de Mollendo, Islay - Arequipa",25,1,0
1679,2026-24,2026-01-10T15:44:53Z,2026-01-10T10:44:53-05:00,2026-01-10,10:44:53,2026-01-10T10:44:53-05:00,2026-01-10,10:44:53,-16.57,-71.94,3.5,37,Superficial,II-III Vitor,AREQUIPA,"12 km al S de Vitor, Arequipa - Arequipa",0,24,10:44:53,1768021200000,1768059893000,3.5,2026-06-20T19:50:43Z,2026-24,AREQUIPA,1768021200000,1768059893000,10:44:53,II-III Vitor,-16.57,-71.94,3.5,3.5,-37,1679,37,Superficial,"12 km al S de Vitor, Arequipa - Arequipa",24,1,0
1678,2026-23,2026-01-09T21:36:54Z,2026-01-09T16:36:54-05:00,2026-01-09,16:36:54,2026-01-09T16:36:54-05:00,2026-01-09,16:36:54,-14.76,-75.27,5.3,48,Superficial,III-IV Palpa,ICA,"27 km al S de Palpa, Palpa - Ica",0,23,16:36:54,1767934800000,1767994614000,5.3,2026-06-20T19:50:43Z,2026-23,ICA,1767934800000,1767994614000,16:36:54,III-IV Palpa,-14.76,-75.27,5.3,5.3,-48,1678,48,Superficial,"27 km al S de Palpa, Palpa - Ica",23,1,0
1677,2026-22,2026-01-09T17:49:12Z,2026-01-09T12:49:12-05:00,2026-01-09,12:49:12,2026-01-09T12:49:12-05:00,2026-01-09,12:49:12,-16.33,-73.15,3.6,50,Superficial,II-III Ocoña,AREQUIPA,"12 km al NO de Ocoña, Camaná - Arequipa",0,22,12:49:12,1767934800000,1767980952000,3.6,2026-06-20T19:50:43Z,2026-22,AREQUIPA,1767934800000,1767980952000,12:49:12,II-III Ocoña,-16.33,-73.15,3.6,3.6,-50,1677,50,Superficial,"12 km al NO de Ocoña, Camaná - Arequipa",22,1,0
1676,2026-21,2026-01-09T00:20:38Z,2026-01-08T19:20:38-05:00,2026-01-08,19:20:38,2026-01-08T19:20:38-05:00,2026-01-08,19:20:38,-13.87,-74.64,4.0,104,Intermedio,,AYACUCHO,"33 km al O de Sancos, Huanca Sancos - Ayacucho",0,21,19:20:38,1767848400000,1767918038000,4.0,2026-06-20T19:50:43Z,2026-21,AYACUCHO,1767848400000,1767918038000,19:20:38,,-13.87,-74.64,4.0,4.0,-104,1676,104,Intermedio,"33 km al O de Sancos, Huanca Sancos - Ayacucho",21,0,0
1675,2026-20,2026-01-08T21:47:40Z,2026-01-08T16:47:40-05:00,2026-01-08,16:47:40,2026-01-08T16:47:40-05:00,2026-01-08,16:47:40,-17.0,-71.58,4.2,74,Intermedio,III Punta de Bombón,AREQUIPA,"30 km al NE de Punta de Bombón, Islay - Arequipa",0,20,16:47:40,1767848400000,1767908860000,4.2,2026-06-20T19:50:43Z,2026-20,AREQUIPA,1767848400000,1767908860000,16:47:40,III Punta de Bombón,-17.0,-71.58,4.2,4.2,-74,1675,74,Intermedio,"30 km al NE de Punta de Bombón, Islay - Arequipa",20,1,0
1674,2026-19,2026-01-08T14:13:02Z,2026-01-08T09:13:02-05:00,2026-01-08,09:13:02,2026-01-08T09:13:02-05:00,2026-01-08,09:13:02,-5.41,-76.21,4.0,127,Intermedio,,LORETO,"55 km al N de Yurimaguas, Alto Amazonas - Loreto",0,19,09:13:02,1767848400000,1767881582000,4.0,2026-06-20T19:50:43Z,2026-19,LORETO,1767848400000,1767881582000,09:13:02,,-5.41,-76.21,4.0,4.0,-127,1674,127,Intermedio,"55 km al N de Yurimaguas, Alto Amazonas - Loreto",19,0,0
1673,2026-18,2026-01-08T05:17:49Z,2026-01-08T00:17:49-05:00,2026-01-08,00:17:49,2026-01-08T00:17:49-05:00,2026-01-08,00:17:49,-3.99,-77.66,5.6,106,Intermedio,III-IV Santa María de Nieva,AMAZONAS,"71 km al N de Santa María de Nieva, Condorcanqui - Amazonas",0,18,00:17:49,1767848400000,1767849469000,5.6,2026-06-20T19:50:43Z,2026-18,AMAZONAS,1767848400000,1767849469000,00:17:49,III-IV Santa María de Nieva,-3.99,-77.66,5.6,5.6,-106,1673,106,Intermedio,"71 km al N de Santa María de Nieva, Condorcanqui - Amazonas",18,1,0
1672,2026-17,2026-01-08T04:57:47Z,2026-01-07T23:57:47-05:00,2026-01-07,23:57:47,2026-01-07T23:57:47-05:00,2026-01-07,23:57:47,-12.39,-76.83,3.5,57,Superficial,II-III Chilca,OCEANO,"17 km al NO de Chilca, Cañete - Lima",0,17,23:57:47,1767762000000,1767848267000,3.5,2026-06-20T19:50:43Z,2026-17,OCEANO,1767762000000,1767848267000,23:57:47,II-III Chilca,-12.39,-76.83,3.5,3.5,-57,1672,57,Superficial,"17 km al NO de Chilca, Cañete - Lima",17,1,0
1671,2026-16,2026-01-07T11:32:38Z,2026-01-07T06:32:38-05:00,2026-01-07,06:32:38,2026-01-07T06:32:38-05:00,2026-01-07,06:32:38,-11.08,-76.11,3.5,25,Superficial,II Junín,JUNÍN,"16 km al NO de Junín, Junín - Junín",0,16,06:32:38,1767762000000,1767785558000,3.5,2026-06-20T19:50:43Z,2026-16,JUNÍN,1767762000000,1767785558000,06:32:38,II Junín,-11.08,-76.11,3.5,3.5,-25,1671,25,Superficial,"16 km al NO de Junín, Junín - Junín",16,1,0
1670,2026-15,2026-01-07T02:01:12Z,2026-01-06T21:01:12-05:00,2026-01-06,21:01:12,2026-01-06T21:01:12-05:00,2026-01-06,21:01:12,-8.19,-79.14,3.7,71,Intermedio,II-III Trujillo,OCEANO,"15 km al SO de Trujillo, Trujillo - La Libertad",0,15,21:01:12,1767675600000,1767751272000,3.7,2026-06-20T19:50:43Z,2026-15,OCEANO,1767675600000,1767751272000,21:01:12,II-III Trujillo,-8.19,-79.14,3.7,3.7,-71,1670,71,Intermedio,"15 km al SO de Trujillo, Trujillo - La Libertad",15,1,0
1669,2026-14,2026-01-05T17:07:19Z,2026-01-05T12:07:19-05:00,2026-01-05,12:07:19,2026-01-05T12:07:19-05:00,2026-01-05,12:07:19,-15.32,-76.06,4.6,31,Superficial,II-III San Juan,OCEANO,"78 km al O de San Juan, Nasca - Ica",0,14,12:07:19,1767589200000,1767632839000,4.6,2026-06-20T19:50:43Z,2026-14,OCEANO,1767589200000,1767632839000,12:07:19,II-III San Juan,-15.32,-76.06,4.6,4.6,-31,1669,31,Superficial,"78 km al O de San Juan, Nasca - Ica",14,1,0
1668,2026-13,2026-01-05T13:34:44Z,2026-01-05T08:34:44-05:00,2026-01-05,08:34:44,2026-01-05T08:34:44-05:00,2026-01-05,08:34:44,-12.58,-76.84,3.7,51,Superficial,III Chilca,OCEANO,"13 km al SO de Chilca, Cañete - Lima",0,13,08:34:44,1767589200000,1767620084000,3.7,2026-06-20T19:50:43Z,2026-13,OCEANO,1767589200000,1767620084000,08:34:44,III Chilca,-12.58,-76.84,3.7,3.7,-51,1668,51,Superficial,"13 km al SO de Chilca, Cañete - Lima",13,1,0
1667,2026-12,2026-01-05T10:17:27Z,2026-01-05T05:17:27-05:00,2026-01-05,05:17:27,2026-01-05T05:17:27-05:00,2026-01-05,05:17:27,-14.51,-71.78,3.6,9,Superficial,III Huayhuahuasi,CUSCO,"32 km al NO de Huayhuahuasi, Espinar - Cusco",0,12,05:17:27,1767589200000,1767608247000,3.6,2026-06-20T19:50:43Z,2026-12,CUSCO,1767589200000,1767608247000,05:17:27,III Huayhuahuasi,-14.51,-71.78,3.6,3.6,-9,1667,9,Superficial,"32 km al NO de Huayhuahuasi, Espinar - Cusco",12,1,0
1666,2026-11,2026-01-04T22:17:28Z,2026-01-04T17:17:28-05:00,2026-01-04,17:17:28,2026-01-04T17:17:28-05:00,2026-01-04,17:17:28,-5.77,-75.6,3.7,17,Superficial,II-III Yurimaguas,LORETO,"58 km al E de Yurimaguas, Alto Amazonas - Loreto",0,11,17:17:28,1767502800000,1767565048000,3.7,2026-06-20T19:50:43Z,2026-11,LORETO,1767502800000,1767565048000,17:17:28,II-III Yurimaguas,-5.77,-75.6,3.7,3.7,-17,1666,17,Superficial,"58 km al E de Yurimaguas, Alto Amazonas - Loreto",11,1,0
1665,2026-10,2026-01-04T14:25:59Z,2026-01-04T09:25:59-05:00,2026-01-04,09:25:59,2026-01-04T09:25:59-05:00,2026-01-04,09:25:59,-15.76,-74.55,3.6,50,Superficial,II-III Yauca,OCEANO,"11 km al S de Yauca, Caravelí - Arequipa",0,10,09:25:59,1767502800000,1767536759000,3.6,2026-06-20T19:50:43Z,2026-10,OCEANO,1767502800000,1767536759000,09:25:59,II-III Yauca,-15.76,-74.55,3.6,3.6,-50,1665,50,Superficial,"11 km al S de Yauca, Caravelí - Arequipa",10,1,0
1664,2026-9,2026-01-03T20:17:51Z,2026-01-03T15:17:51-05:00,2026-01-03,15:17:51,2026-01-03T15:17:51-05:00,2026-01-03,15:17:51,-14.61,-76.34,4.5,20,Superficial,III Ica,OCEANO,"89 km al SO de Ica, Ica - Ica",0,9,15:17:51,1767416400000,1767471471000,4.5,2026-06-20T19:50:43Z,2026-9,OCEANO,1767416400000,1767471471000,15:17:51,III Ica,-14.61,-76.34,4.5,4.5,-20,1664,20,Superficial,"89 km al SO de Ica, Ica - Ica",9,1,0
1663,2026-8,2026-01-03T13:17:30Z,2026-01-03T08:17:30-05:00,2026-01-03,08:17:30,2026-01-03T08:17:30-05:00,2026-01-03,08:17:30,-9.08,-79.33,4.5,37,Superficial,III Chimbote,OCEANO,"82 km al O de Chimbote, Santa - Áncash",0,8,08:17:30,1767416400000,1767446250000,4.5,2026-06-20T19:50:43Z,2026-8,OCEANO,1767416400000,1767446250000,08:17:30,III Chimbote,-9.08,-79.33,4.5,4.5,-37,1663,37,Superficial,"82 km al O de Chimbote, Santa - Áncash",8,1,0
1662,2026-7,2026-01-03T00:09:59Z,2026-01-02T19:09:59-05:00,2026-01-02,19:09:59,2026-01-02T19:09:59-05:00,2026-01-02,19:09:59,-8.96,-79.2,3.8,43,Superficial,II-III Chimbote,OCEANO,"69 km al O de Chimbote, Santa - Áncash",0,7,19:09:59,1767330000000,1767398999000,3.8,2026-06-20T19:50:43Z,2026-7,OCEANO,1767330000000,1767398999000,19:09:59,II-III Chimbote,-8.96,-79.2,3.8,3.8,-43,1662,43,Superficial,"69 km al O de Chimbote, Santa - Áncash",7,1,0
1661,2026-6,2026-01-02T19:32:29Z,2026-01-02T14:32:29-05:00,2026-01-02,14:32:29,2026-01-02T14:32:29-05:00,2026-01-02,14:32:29,-7.23,-81.0,4.1,15,Superficial,,OCEANO,"125 km al O de Pimentel, Chiclayo - Lambayeque",0,6,14:32:29,1767330000000,1767382349000,4.1,2026-06-20T19:50:43Z,2026-6,OCEANO,1767330000000,1767382349000,14:32:29,,-7.23,-81.0,4.1,4.1,-15,1661,15,Superficial,"125 km al O de Pimentel, Chiclayo - Lambayeque",6,0,0
1660,2026-5,2026-01-02T13:16:00Z,2026-01-02T08:16:00-05:00,2026-01-02,08:16:00,2026-01-02T08:16:00-05:00,2026-01-02,08:16:00,-9.02,-79.14,3.7,43,Superficial,II-III Chimbote,OCEANO,"61 km al O de Chimbote, Santa - Áncash",0,5,08:16:00,1767330000000,1767359760000,3.7,2026-06-20T19:50:43Z,2026-5,OCEANO,1767330000000,1767359760000,08:16:00,II-III Chimbote,-9.02,-79.14,3.7,3.7,-43,1660,43,Superficial,"61 km al O de Chimbote, Santa - Áncash",5,1,0
1659,2026-4,2026-01-02T04:08:39Z,2026-01-01T23:08:39-05:00,2026-01-01,23:08:39,2026-01-01T23:08:39-05:00,2026-01-01,23:08:39,-10.11,-75.24,3.6,16,Superficial,II-III Pozuzo,PASCO,"35 km al E de Pozuzo, Oxapampa - Pasco",0,4,23:08:39,1767243600000,1767326919000,3.6,2026-06-20T19:50:43Z,2026-4,PASCO,1767243600000,1767326919000,23:08:39,II-III Pozuzo,-10.11,-75.24,3.6,3.6,-16,1659,16,Superficial,"35 km al E de Pozuzo, Oxapampa - Pasco",4,1,0
1658,2026-3,2026-01-01T23:30:52Z,2026-01-01T18:30:52-05:00,2026-01-01,18:30:52,2026-01-01T18:30:52-05:00,2026-01-01,18:30:52,-15.29,-76.04,4.5,29,Superficial,II-III San Juan,OCEANO,"75 km al O de San Juan, Nasca - Ica",0,3,18:30:52,1767243600000,1767310252000,4.5,2026-06-20T19:50:43Z,2026-3,OCEANO,1767243600000,1767310252000,18:30:52,II-III San Juan,-15.29,-76.04,4.5,4.5,-29,1658,29,Superficial,"75 km al O de San Juan, Nasca - Ica",3,1,0
1657,2026-2,2026-01-01T16:28:20Z,2026-01-01T11:28:20-05:00,2026-01-01,11:28:20,2026-01-01T11:28:20-05:00,2026-01-01,11:28:20,-12.57,-76.98,4.2,68,Intermedio,III Chilca,OCEANO,"27 km al O de Chilca, Cañete - Lima",0,2,11:28:20,1767243600000,1767284900000,4.2,2026-06-20T19:50:43Z,2026-2,OCEANO,1767243600000,1767284900000,11:28:20,III Chilca,-12.57,-76.98,4.2,4.2,-68,1657,68,Intermedio,"27 km al O de Chilca, Cañete - Lima",2,1,0
1656,2026-1,2026-01-01T10:20:25Z,2026-01-01T05:20:25-05:00,2026-01-01,05:20:25,2026-01-01T05:20:25-05:00,2026-01-01,05:20:25,-15.26,-76.0,4.4,32,Superficial,III San Juan,OCEANO,"70 km al O de San Juan, Nasca - Ica",0,1,05:20:25,1767243600000,1767262825000,4.4,2026-06-20T19:50:43Z,2026-1,OCEANO,1767243600000,1767262825000,05:20:25,III San Juan,-15.26,-76.0,4.4,4.4,-32,1656,32,Superficial,"70 km al O de San Juan, Nasca - Ica",1,1,0
6,,,,,,,,,-8.209756489999961,-83.03683165099994,8.0,,, ,,,,,,,,,2026-06-20T19:50:43Z,,,,,, ,,,,8.0,,6,,,,,,
3,,,,,,,,,-7.784514917999957,-84.17826955599998,7.0,,, ,,,,,,,,,2026-06-20T19:50:43Z,,,,,, ,,,,7.0,,3,,,,,,
